
/*!40101 SET @OLD_CHARACTER_SET_CLIENT=@@CHARACTER_SET_CLIENT */;
/*!40101 SET @OLD_CHARACTER_SET_RESULTS=@@CHARACTER_SET_RESULTS */;
/*!40101 SET @OLD_COLLATION_CONNECTION=@@COLLATION_CONNECTION */;
/*!50503 SET NAMES utf8mb4 */;
/*!40103 SET @OLD_TIME_ZONE=@@TIME_ZONE */;
/*!40103 SET TIME_ZONE='+00:00' */;
/*!40014 SET @OLD_UNIQUE_CHECKS=@@UNIQUE_CHECKS, UNIQUE_CHECKS=0 */;
/*!40014 SET @OLD_FOREIGN_KEY_CHECKS=@@FOREIGN_KEY_CHECKS, FOREIGN_KEY_CHECKS=0 */;
/*!40101 SET @OLD_SQL_MODE=@@SQL_MODE, SQL_MODE='NO_AUTO_VALUE_ON_ZERO' */;
/*!40111 SET @OLD_SQL_NOTES=@@SQL_NOTES, SQL_NOTES=0 */;
DROP TABLE IF EXISTS `activity_log`;
/*!40101 SET @saved_cs_client     = @@character_set_client */;
/*!50503 SET character_set_client = utf8mb4 */;
CREATE TABLE `activity_log` (
  `id` bigint unsigned NOT NULL AUTO_INCREMENT,
  `log_name` varchar(255) CHARACTER SET utf8mb4 COLLATE utf8mb4_unicode_ci DEFAULT NULL,
  `description` text CHARACTER SET utf8mb4 COLLATE utf8mb4_unicode_ci NOT NULL,
  `subject_id` bigint DEFAULT NULL,
  `subject_type` varchar(255) CHARACTER SET utf8mb4 COLLATE utf8mb4_unicode_ci DEFAULT NULL,
  `event` varchar(255) CHARACTER SET utf8mb4 COLLATE utf8mb4_unicode_ci DEFAULT NULL,
  `causer_id` bigint DEFAULT NULL,
  `causer_type` varchar(255) CHARACTER SET utf8mb4 COLLATE utf8mb4_unicode_ci DEFAULT NULL,
  `properties` text CHARACTER SET utf8mb4 COLLATE utf8mb4_unicode_ci,
  `batch_uuid` char(36) CHARACTER SET utf8mb4 COLLATE utf8mb4_unicode_ci DEFAULT NULL,
  `created_at` timestamp NULL DEFAULT NULL,
  `updated_at` timestamp NULL DEFAULT NULL,
  PRIMARY KEY (`id`),
  KEY `activity_log_log_name_index` (`log_name`)
) ENGINE=InnoDB AUTO_INCREMENT=65 DEFAULT CHARSET=utf8mb4 COLLATE=utf8mb4_unicode_ci;
/*!40101 SET character_set_client = @saved_cs_client */;

LOCK TABLES `activity_log` WRITE;
/*!40000 ALTER TABLE `activity_log` DISABLE KEYS */;
INSERT INTO `activity_log` VALUES (1,'default','created',1,'App\\Models\\Page',NULL,1,'users','[]',NULL,'2023-11-28 00:27:45','2023-11-28 00:27:45'),(2,'default','updated',1,'App\\Models\\Page',NULL,1,'users','[]',NULL,'2023-11-28 00:27:47','2023-11-28 00:27:47'),(3,'default','updated',1,'App\\Models\\Page',NULL,1,'users','[]',NULL,'2023-11-28 00:33:20','2023-11-28 00:33:20'),(4,'default','updated',1,'App\\Models\\Page',NULL,1,'users','[]',NULL,'2023-11-28 00:39:05','2023-11-28 00:39:05'),(5,'default','updated',1,'App\\Models\\Page',NULL,1,'users','[]',NULL,'2023-11-28 00:39:16','2023-11-28 00:39:16'),(6,'default','updated',1,'App\\Models\\Page',NULL,1,'users','[]',NULL,'2023-11-28 00:39:22','2023-11-28 00:39:22'),(7,'default','updated',1,'App\\Models\\Page',NULL,1,'users','[]',NULL,'2023-11-28 00:39:54','2023-11-28 00:39:54'),(8,'default','updated',1,'App\\Models\\Page',NULL,1,'users','[]',NULL,'2023-11-28 00:40:10','2023-11-28 00:40:10'),(9,'default','updated',1,'App\\Models\\Page',NULL,1,'users','[]',NULL,'2023-11-28 00:45:02','2023-11-28 00:45:02'),(10,'default','updated',1,'App\\Models\\Page',NULL,1,'users','[]',NULL,'2023-11-28 00:53:34','2023-11-28 00:53:34'),(11,'default','created',2,'App\\Models\\Page',NULL,1,'users','[]',NULL,'2023-11-28 00:53:39','2023-11-28 00:53:39'),(12,'default','updated',2,'App\\Models\\Page',NULL,1,'users','[]',NULL,'2023-11-28 00:53:58','2023-11-28 00:53:58'),(13,'default','created',3,'App\\Models\\Page',NULL,1,'users','[]',NULL,'2023-11-28 00:54:05','2023-11-28 00:54:05'),(14,'default','updated',3,'App\\Models\\Page',NULL,1,'users','[]',NULL,'2023-11-28 00:54:18','2023-11-28 00:54:18'),(15,'default','created',3,'App\\Models\\MenuLink',NULL,1,'users','[]',NULL,'2023-11-28 00:58:28','2023-11-28 00:58:28'),(16,'default','created',4,'App\\Models\\MenuLink',NULL,1,'users','[]',NULL,'2023-11-28 00:58:53','2023-11-28 00:58:53'),(17,'default','created',5,'App\\Models\\MenuLink',NULL,1,'users','[]',NULL,'2023-11-28 00:58:58','2023-11-28 00:58:58'),(18,'default','updated',5,'App\\Models\\MenuLink',NULL,1,'users','[]',NULL,'2023-11-28 00:59:00','2023-11-28 00:59:00'),(19,'default','updated',3,'App\\Models\\MenuLink',NULL,1,'users','[]',NULL,'2023-11-28 01:04:28','2023-11-28 01:04:28'),(20,'default','updated',4,'App\\Models\\MenuLink',NULL,1,'users','[]',NULL,'2023-11-28 01:04:33','2023-11-28 01:04:33'),(21,'default','updated',5,'App\\Models\\MenuLink',NULL,1,'users','[]',NULL,'2023-11-28 01:04:41','2023-11-28 01:04:41'),(22,'default','updated',1,'A17\\Twill\\Models\\AppSetting',NULL,1,'users','[]',NULL,'2023-11-28 01:08:10','2023-11-28 01:08:10'),(23,'default','updated',3,'App\\Models\\MenuLink',NULL,1,'users','[]',NULL,'2023-12-06 00:48:56','2023-12-06 00:48:56'),(24,'default','updated',1,'App\\Models\\Page',NULL,1,'users','[]',NULL,'2023-12-06 00:50:46','2023-12-06 00:50:46'),(25,'default','updated',1,'App\\Models\\Page',NULL,1,'users','[]',NULL,'2023-12-06 00:50:59','2023-12-06 00:50:59'),(26,'default','updated',1,'App\\Models\\Page',NULL,1,'users','[]',NULL,'2023-12-06 00:51:40','2023-12-06 00:51:40'),(27,'default','updated',1,'App\\Models\\Page',NULL,1,'users','[]',NULL,'2023-12-06 00:51:54','2023-12-06 00:51:54'),(28,'default','updated',1,'App\\Models\\Page',NULL,1,'users','[]',NULL,'2023-12-06 00:52:43','2023-12-06 00:52:43'),(29,'default','updated',4,'App\\Models\\MenuLink',NULL,1,'users','[]',NULL,'2023-12-06 00:53:22','2023-12-06 00:53:22'),(30,'default','updated',5,'App\\Models\\MenuLink',NULL,1,'users','[]',NULL,'2023-12-06 00:53:46','2023-12-06 00:53:46'),(31,'default','updated',2,'App\\Models\\Page',NULL,1,'users','[]',NULL,'2023-12-06 00:54:54','2023-12-06 00:54:54'),(32,'default','updated',2,'App\\Models\\Page',NULL,1,'users','[]',NULL,'2023-12-06 00:55:07','2023-12-06 00:55:07'),(33,'default','updated',2,'App\\Models\\Page',NULL,1,'users','[]',NULL,'2023-12-06 00:55:12','2023-12-06 00:55:12'),(34,'default','updated',3,'App\\Models\\Page',NULL,1,'users','[]',NULL,'2023-12-06 00:56:46','2023-12-06 00:56:46'),(35,'default','updated',3,'App\\Models\\Page',NULL,1,'users','[]',NULL,'2023-12-06 00:56:59','2023-12-06 00:56:59'),(36,'default','updated',3,'App\\Models\\Page',NULL,1,'users','[]',NULL,'2023-12-06 00:57:27','2023-12-06 00:57:27'),(37,'default','created',1,'App\\Models\\Project',NULL,1,'users','[]',NULL,'2023-12-06 01:12:08','2023-12-06 01:12:08'),(38,'default','created',2,'App\\Models\\Project',NULL,1,'users','[]',NULL,'2023-12-06 01:12:17','2023-12-06 01:12:17'),(39,'default','created',3,'App\\Models\\Project',NULL,1,'users','[]',NULL,'2023-12-06 01:12:31','2023-12-06 01:12:31'),(40,'default','created',4,'App\\Models\\Project',NULL,1,'users','[]',NULL,'2023-12-06 01:12:39','2023-12-06 01:12:39'),(41,'default','updated',1,'App\\Models\\Project',NULL,1,'users','[]',NULL,'2023-12-06 01:13:01','2023-12-06 01:13:01'),(42,'default','updated',1,'App\\Models\\Project',NULL,1,'users','[]',NULL,'2023-12-06 01:13:22','2023-12-06 01:13:22'),(43,'default','updated',1,'App\\Models\\Project',NULL,1,'users','[]',NULL,'2023-12-06 01:13:52','2023-12-06 01:13:52'),(44,'default','updated',2,'App\\Models\\Project',NULL,1,'users','[]',NULL,'2023-12-06 01:14:53','2023-12-06 01:14:53'),(45,'default','updated',2,'App\\Models\\Project',NULL,1,'users','[]',NULL,'2023-12-06 01:15:17','2023-12-06 01:15:17'),(46,'default','updated',3,'App\\Models\\Project',NULL,1,'users','[]',NULL,'2023-12-06 01:15:35','2023-12-06 01:15:35'),(47,'default','updated',3,'App\\Models\\Project',NULL,1,'users','[]',NULL,'2023-12-06 01:15:58','2023-12-06 01:15:58'),(48,'default','updated',4,'App\\Models\\Project',NULL,1,'users','[]',NULL,'2023-12-06 01:16:37','2023-12-06 01:16:37'),(49,'default','updated',1,'App\\Models\\Page',NULL,1,'users','[]',NULL,'2023-12-06 01:27:20','2023-12-06 01:27:20'),(50,'default','updated',1,'App\\Models\\Page',NULL,1,'users','[]',NULL,'2023-12-06 01:30:59','2023-12-06 01:30:59'),(51,'default','updated',1,'App\\Models\\Page',NULL,1,'users','[]',NULL,'2023-12-06 01:32:36','2023-12-06 01:32:36'),(52,'default','updated',1,'App\\Models\\Page',NULL,1,'users','[]',NULL,'2023-12-06 01:49:36','2023-12-06 01:49:36'),(53,'default','updated',1,'App\\Models\\Page',NULL,1,'users','[]',NULL,'2023-12-06 01:50:40','2023-12-06 01:50:40'),(54,'default','updated',1,'App\\Models\\Page',NULL,1,'users','[]',NULL,'2023-12-06 01:50:53','2023-12-06 01:50:53'),(55,'default','updated',1,'App\\Models\\Page',NULL,1,'users','[]',NULL,'2023-12-06 02:03:18','2023-12-06 02:03:18'),(56,'default','updated',1,'App\\Models\\Page',NULL,1,'users','[]',NULL,'2023-12-06 02:08:01','2023-12-06 02:08:01'),(57,'default','updated',1,'App\\Models\\Page',NULL,1,'users','[]',NULL,'2023-12-06 02:09:03','2023-12-06 02:09:03'),(58,'default','updated',2,'App\\Models\\Project',NULL,1,'users','[]',NULL,'2023-12-07 02:41:06','2023-12-07 02:41:06'),(59,'default','updated',1,'App\\Models\\Project',NULL,1,'users','[]',NULL,'2023-12-07 02:45:17','2023-12-07 02:45:17'),(60,'default','updated',2,'App\\Models\\Project',NULL,1,'users','[]',NULL,'2023-12-07 02:45:24','2023-12-07 02:45:24'),(61,'default','updated',3,'App\\Models\\Project',NULL,1,'users','[]',NULL,'2023-12-07 02:45:46','2023-12-07 02:45:46'),(62,'default','updated',4,'App\\Models\\Project',NULL,1,'users','[]',NULL,'2023-12-07 02:46:02','2023-12-07 02:46:02'),(63,'default','updated',4,'App\\Models\\Project',NULL,1,'users','[]',NULL,'2023-12-07 02:46:04','2023-12-07 02:46:04'),(64,'default','updated',3,'App\\Models\\Project',NULL,1,'users','[]',NULL,'2023-12-07 02:46:09','2023-12-07 02:46:09');
/*!40000 ALTER TABLE `activity_log` ENABLE KEYS */;
UNLOCK TABLES;
DROP TABLE IF EXISTS `app_settings`;
/*!40101 SET @saved_cs_client     = @@character_set_client */;
/*!50503 SET character_set_client = utf8mb4 */;
CREATE TABLE `app_settings` (
  `id` bigint unsigned NOT NULL AUTO_INCREMENT,
  `deleted_at` timestamp NULL DEFAULT NULL,
  `created_at` timestamp NULL DEFAULT NULL,
  `updated_at` timestamp NULL DEFAULT NULL,
  `published` tinyint(1) NOT NULL DEFAULT '0',
  `name` varchar(255) CHARACTER SET utf8mb4 COLLATE utf8mb4_unicode_ci DEFAULT NULL,
  PRIMARY KEY (`id`)
) ENGINE=InnoDB AUTO_INCREMENT=2 DEFAULT CHARSET=utf8mb4 COLLATE=utf8mb4_unicode_ci;
/*!40101 SET character_set_client = @saved_cs_client */;

LOCK TABLES `app_settings` WRITE;
/*!40000 ALTER TABLE `app_settings` DISABLE KEYS */;
INSERT INTO `app_settings` VALUES (1,NULL,'2023-11-28 01:02:15','2023-11-28 01:08:10',1,'homepage');
/*!40000 ALTER TABLE `app_settings` ENABLE KEYS */;
UNLOCK TABLES;
DROP TABLE IF EXISTS `failed_jobs`;
/*!40101 SET @saved_cs_client     = @@character_set_client */;
/*!50503 SET character_set_client = utf8mb4 */;
CREATE TABLE `failed_jobs` (
  `id` bigint unsigned NOT NULL AUTO_INCREMENT,
  `uuid` varchar(255) CHARACTER SET utf8mb4 COLLATE utf8mb4_unicode_ci NOT NULL,
  `connection` text CHARACTER SET utf8mb4 COLLATE utf8mb4_unicode_ci NOT NULL,
  `queue` text CHARACTER SET utf8mb4 COLLATE utf8mb4_unicode_ci NOT NULL,
  `payload` longtext CHARACTER SET utf8mb4 COLLATE utf8mb4_unicode_ci NOT NULL,
  `exception` longtext CHARACTER SET utf8mb4 COLLATE utf8mb4_unicode_ci NOT NULL,
  `failed_at` timestamp NOT NULL DEFAULT CURRENT_TIMESTAMP,
  PRIMARY KEY (`id`),
  UNIQUE KEY `failed_jobs_uuid_unique` (`uuid`)
) ENGINE=InnoDB DEFAULT CHARSET=utf8mb4 COLLATE=utf8mb4_unicode_ci;
/*!40101 SET character_set_client = @saved_cs_client */;

LOCK TABLES `failed_jobs` WRITE;
/*!40000 ALTER TABLE `failed_jobs` DISABLE KEYS */;
/*!40000 ALTER TABLE `failed_jobs` ENABLE KEYS */;
UNLOCK TABLES;
DROP TABLE IF EXISTS `menu_link_translations`;
/*!40101 SET @saved_cs_client     = @@character_set_client */;
/*!50503 SET character_set_client = utf8mb4 */;
CREATE TABLE `menu_link_translations` (
  `id` bigint unsigned NOT NULL AUTO_INCREMENT,
  `menu_link_id` bigint unsigned NOT NULL,
  `deleted_at` timestamp NULL DEFAULT NULL,
  `created_at` timestamp NULL DEFAULT NULL,
  `updated_at` timestamp NULL DEFAULT NULL,
  `locale` varchar(7) CHARACTER SET utf8mb4 COLLATE utf8mb4_unicode_ci NOT NULL,
  `active` tinyint(1) NOT NULL,
  `title` varchar(200) CHARACTER SET utf8mb4 COLLATE utf8mb4_unicode_ci DEFAULT NULL,
  PRIMARY KEY (`id`),
  UNIQUE KEY `menu_link_id_locale_unique` (`menu_link_id`,`locale`),
  KEY `menu_link_translations_locale_index` (`locale`),
  CONSTRAINT `fk_menu_link_translations_menu_link_id` FOREIGN KEY (`menu_link_id`) REFERENCES `menu_links` (`id`) ON DELETE CASCADE
) ENGINE=InnoDB AUTO_INCREMENT=7 DEFAULT CHARSET=utf8mb4 COLLATE=utf8mb4_unicode_ci;
/*!40101 SET character_set_client = @saved_cs_client */;

LOCK TABLES `menu_link_translations` WRITE;
/*!40000 ALTER TABLE `menu_link_translations` DISABLE KEYS */;
INSERT INTO `menu_link_translations` VALUES (1,3,NULL,'2023-11-28 00:58:28','2023-12-06 00:48:56','en',1,'Home'),(2,4,NULL,'2023-11-28 00:58:53','2023-12-06 00:53:22','en',1,'About'),(3,5,NULL,'2023-11-28 00:58:58','2023-12-06 00:53:46','en',1,'Team'),(4,3,NULL,'2023-12-06 00:48:56','2023-12-06 00:48:56','zh',1,'主页'),(5,4,NULL,'2023-12-06 00:53:22','2023-12-06 00:53:22','zh',1,'关于'),(6,5,NULL,'2023-12-06 00:53:46','2023-12-06 00:53:46','zh',1,'团队');
/*!40000 ALTER TABLE `menu_link_translations` ENABLE KEYS */;
UNLOCK TABLES;
DROP TABLE IF EXISTS `menu_links`;
/*!40101 SET @saved_cs_client     = @@character_set_client */;
/*!50503 SET character_set_client = utf8mb4 */;
CREATE TABLE `menu_links` (
  `id` bigint unsigned NOT NULL AUTO_INCREMENT,
  `deleted_at` timestamp NULL DEFAULT NULL,
  `created_at` timestamp NULL DEFAULT NULL,
  `updated_at` timestamp NULL DEFAULT NULL,
  `published` tinyint(1) NOT NULL DEFAULT '0',
  `position` int unsigned DEFAULT NULL,
  `_lft` int unsigned NOT NULL DEFAULT '0',
  `_rgt` int unsigned NOT NULL DEFAULT '0',
  `parent_id` int unsigned DEFAULT NULL,
  PRIMARY KEY (`id`),
  KEY `menu_links__lft__rgt_parent_id_index` (`_lft`,`_rgt`,`parent_id`)
) ENGINE=InnoDB AUTO_INCREMENT=6 DEFAULT CHARSET=utf8mb4 COLLATE=utf8mb4_unicode_ci;
/*!40101 SET character_set_client = @saved_cs_client */;

LOCK TABLES `menu_links` WRITE;
/*!40000 ALTER TABLE `menu_links` DISABLE KEYS */;
INSERT INTO `menu_links` VALUES (3,NULL,'2023-11-28 00:58:28','2023-12-06 00:48:56',1,1,1,2,NULL),(4,NULL,'2023-11-28 00:58:53','2023-12-06 01:53:44',1,0,3,4,NULL),(5,NULL,'2023-11-28 00:58:58','2023-12-06 01:53:44',1,2,5,6,NULL);
/*!40000 ALTER TABLE `menu_links` ENABLE KEYS */;
UNLOCK TABLES;
DROP TABLE IF EXISTS `migrations`;
/*!40101 SET @saved_cs_client     = @@character_set_client */;
/*!50503 SET character_set_client = utf8mb4 */;
CREATE TABLE `migrations` (
  `id` int unsigned NOT NULL AUTO_INCREMENT,
  `migration` varchar(255) CHARACTER SET utf8mb4 COLLATE utf8mb4_unicode_ci NOT NULL,
  `batch` int NOT NULL,
  PRIMARY KEY (`id`)
) ENGINE=InnoDB AUTO_INCREMENT=29 DEFAULT CHARSET=utf8mb4 COLLATE=utf8mb4_unicode_ci;
/*!40101 SET character_set_client = @saved_cs_client */;

LOCK TABLES `migrations` WRITE;
/*!40000 ALTER TABLE `migrations` DISABLE KEYS */;
INSERT INTO `migrations` VALUES (1,'2014_10_12_000000_create_users_table',1),(2,'2014_10_12_100000_create_password_reset_tokens_table',1),(3,'2019_08_19_000000_create_failed_jobs_table',1),(4,'2019_12_14_000001_create_personal_access_tokens_table',1),(5,'2020_02_09_000001_create_twill_default_users_tables',1),(6,'2020_02_09_000002_create_twill_default_blocks_table',1),(7,'2020_02_09_000003_create_twill_default_medias_tables',1),(8,'2020_02_09_000004_create_twill_default_files_tables',1),(9,'2020_02_09_000005_create_twill_default_settings_table',1),(10,'2020_02_09_000006_create_twill_default_tags_tables',1),(11,'2020_02_09_000007_create_twill_default_activity_log_table',1),(12,'2020_02_09_000008_create_twill_default_features_table',1),(13,'2020_02_09_000010_create_twill_default_related_table',1),(14,'2020_02_09_000011_add_locale_column_to_twill_default-mediables',1),(15,'2020_02_09_000012_change_locale_column_in_twill_default_fileables',1),(16,'2020_02_09_000013_add_language_column_to_twill_default_users',1),(17,'2020_02_09_000014_add_editor_name_column_to_blocks_table',1),(18,'2021_07_08_000001_update_twill_default_users_table',1),(19,'2022_01_25_000015_add_columns_to_activity_log_table',1),(20,'2022_04_05_000015_update_activity_log_morph_size',1),(21,'2022_08_29_110837_create_app_settings_tables',1),(22,'2023_01_17_111835_add_cascade_on_delete_to_password_resets',1),(23,'2023_01_22_113529_fix_component_block_names',1),(24,'2023_01_22_113529_fix_component_block_names_2',1),(25,'2023_03_24_125122_add_id_to_related',1),(26,'2023_11_28_002445_create_pages_tables',2),(27,'2023_11_28_004932_create_menu_links_tables',3),(28,'2023_12_06_011121_create_projects_tables',4);
/*!40000 ALTER TABLE `migrations` ENABLE KEYS */;
UNLOCK TABLES;
DROP TABLE IF EXISTS `page_revisions`;
/*!40101 SET @saved_cs_client     = @@character_set_client */;
/*!50503 SET character_set_client = utf8mb4 */;
CREATE TABLE `page_revisions` (
  `id` bigint unsigned NOT NULL AUTO_INCREMENT,
  `page_id` bigint unsigned NOT NULL,
  `user_id` bigint unsigned DEFAULT NULL,
  `created_at` timestamp NULL DEFAULT NULL,
  `updated_at` timestamp NULL DEFAULT NULL,
  `payload` json NOT NULL,
  PRIMARY KEY (`id`),
  KEY `page_revisions_page_id_foreign` (`page_id`),
  KEY `page_revisions_user_id_foreign` (`user_id`),
  CONSTRAINT `page_revisions_page_id_foreign` FOREIGN KEY (`page_id`) REFERENCES `pages` (`id`) ON DELETE CASCADE,
  CONSTRAINT `page_revisions_user_id_foreign` FOREIGN KEY (`user_id`) REFERENCES `twill_users` (`id`) ON DELETE SET NULL
) ENGINE=InnoDB AUTO_INCREMENT=35 DEFAULT CHARSET=utf8mb4 COLLATE=utf8mb4_unicode_ci;
/*!40101 SET character_set_client = @saved_cs_client */;

LOCK TABLES `page_revisions` WRITE;
/*!40000 ALTER TABLE `page_revisions` DISABLE KEYS */;
INSERT INTO `page_revisions` VALUES (1,1,1,'2023-11-28 00:27:45','2023-11-28 00:27:45','{\"slug\": {\"en\": \"example\"}, \"title\": {\"en\": \"example\"}, \"languages\": [{\"label\": \"English\", \"value\": \"en\", \"disabled\": false, \"published\": true, \"shortlabel\": \"EN\"}], \"published\": true}'),(2,1,1,'2023-11-28 00:27:47','2023-11-28 00:27:47','{\"slug\": {\"en\": \"example\"}, \"title\": {\"en\": \"example\"}, \"blocks\": [], \"medias\": [], \"public\": false, \"browsers\": [], \"languages\": [{\"label\": \"English\", \"value\": \"en\", \"disabled\": false, \"published\": true, \"shortlabel\": \"EN\"}], \"parent_id\": 0, \"published\": true, \"repeaters\": [], \"cmsSaveType\": \"update\", \"description\": {\"en\": null}, \"publish_end_date\": null, \"publish_start_date\": null}'),(3,1,1,'2023-11-28 00:33:20','2023-11-28 00:33:20','{\"slug\": {\"en\": \"example\"}, \"title\": {\"en\": \"example\"}, \"blocks\": [{\"id\": 1701131581060, \"type\": \"a17-block-image\", \"blocks\": [], \"medias\": {\"image\": [{\"id\": 1, \"name\": \"1920x1080.png\", \"tags\": [], \"crops\": {\"mobile\": {\"x\": 338, \"y\": 0, \"name\": \"mobile\", \"width\": 1080, \"height\": 1080}, \"tablet\": {\"x\": 473, \"y\": 0, \"name\": \"tablet\", \"width\": 1439, \"height\": 1080}, \"desktop\": {\"x\": 0, \"y\": 0, \"name\": \"desktop\", \"width\": 1920, \"height\": 1080}}, \"width\": 1920, \"height\": 1080, \"medium\": \"https://example-app.test/img/b51d8e3e-0585-4396-ac2d-54549130031d/1920x1080.png?fm=jpg&q=80&fit=max&h=430\", \"disabled\": false, \"original\": \"https://example-app.test/img/b51d8e3e-0585-4396-ac2d-54549130031d/1920x1080.png\", \"deleteUrl\": \"https://example-app.test/admin/media-library/medias/1\", \"metadatas\": {\"custom\": {\"video\": null, \"altText\": null, \"caption\": null}, \"default\": {\"video\": null, \"altText\": \"1920x1080\", \"caption\": null}}, \"thumbnail\": \"https://example-app.test/img/b51d8e3e-0585-4396-ac2d-54549130031d/1920x1080.png?fm=jpg&q=60&fit=max&dpr=1&h=256\", \"updateUrl\": \"https://example-app.test/admin/media-library/medias/single-update\", \"deleteBulkUrl\": \"https://example-app.test/admin/media-library/medias/bulk-delete\", \"updateBulkUrl\": \"https://example-app.test/admin/media-library/medias/bulk-update\"}]}, \"content\": [], \"browsers\": [], \"editor_name\": \"default\", \"is_repeater\": false}], \"medias\": [], \"public\": false, \"browsers\": [], \"languages\": [{\"label\": \"English\", \"value\": \"en\", \"disabled\": false, \"published\": true, \"shortlabel\": \"EN\"}], \"parent_id\": 0, \"published\": true, \"repeaters\": [], \"cmsSaveType\": \"update\", \"description\": {\"en\": null}, \"publish_end_date\": null, \"publish_start_date\": null}'),(4,1,1,'2023-11-28 00:39:05','2023-11-28 00:39:05','{\"slug\": {\"en\": \"example\"}, \"title\": {\"en\": \"example\"}, \"blocks\": [{\"id\": 1, \"type\": \"a17-block-image\", \"blocks\": [], \"medias\": {\"image\": [{\"id\": 1, \"name\": \"1920x1080.png\", \"tags\": [], \"crops\": {\"mobile\": {\"x\": 338, \"y\": 0, \"name\": \"mobile\", \"width\": 1080, \"height\": 1080}, \"tablet\": {\"x\": 473, \"y\": 0, \"name\": \"tablet\", \"width\": 1439, \"height\": 1080}, \"desktop\": {\"x\": 0, \"y\": 0, \"name\": \"desktop\", \"width\": 1920, \"height\": 1080}}, \"width\": 1920, \"height\": 1080, \"medium\": \"https://example-app.test/img/b51d8e3e-0585-4396-ac2d-54549130031d/1920x1080.png?fm=jpg&q=80&fit=max&h=430\", \"original\": \"https://example-app.test/img/b51d8e3e-0585-4396-ac2d-54549130031d/1920x1080.png\", \"deleteUrl\": null, \"metadatas\": {\"custom\": {\"video\": null, \"altText\": null, \"caption\": null}, \"default\": {\"video\": null, \"altText\": \"1920x1080\", \"caption\": null}}, \"thumbnail\": \"https://example-app.test/img/b51d8e3e-0585-4396-ac2d-54549130031d/1920x1080.png?fm=jpg&q=60&fit=max&dpr=1&h=256\", \"updateUrl\": \"https://example-app.test/admin/media-library/medias/single-update\", \"deleteBulkUrl\": \"https://example-app.test/admin/media-library/medias/bulk-delete\", \"updateBulkUrl\": \"https://example-app.test/admin/media-library/medias/bulk-update\"}], \"highlight\": [{\"id\": 1, \"name\": \"1920x1080.png\", \"tags\": [], \"crops\": {\"mobile\": {\"x\": 338, \"y\": 0, \"name\": \"mobile\", \"width\": 1080, \"height\": 1080}, \"desktop\": {\"x\": 0, \"y\": 0, \"name\": \"desktop\", \"width\": 1920, \"height\": 1080}}, \"width\": 1920, \"height\": 1080, \"medium\": \"https://example-app.test/img/b51d8e3e-0585-4396-ac2d-54549130031d/1920x1080.png?fm=jpg&q=80&fit=max&h=430\", \"disabled\": false, \"original\": \"https://example-app.test/img/b51d8e3e-0585-4396-ac2d-54549130031d/1920x1080.png\", \"deleteUrl\": null, \"metadatas\": {\"custom\": {\"video\": null, \"altText\": null, \"caption\": null}, \"default\": {\"video\": null, \"altText\": \"1920x1080\", \"caption\": null}}, \"thumbnail\": \"https://example-app.test/img/b51d8e3e-0585-4396-ac2d-54549130031d/1920x1080.png?fm=jpg&q=60&fit=max&dpr=1&h=256\", \"updateUrl\": \"https://example-app.test/admin/media-library/medias/single-update\", \"deleteBulkUrl\": \"https://example-app.test/admin/media-library/medias/bulk-delete\", \"updateBulkUrl\": \"https://example-app.test/admin/media-library/medias/bulk-update\"}]}, \"content\": [], \"browsers\": [], \"editor_name\": \"default\", \"is_repeater\": false}], \"medias\": [], \"public\": false, \"browsers\": [], \"languages\": [{\"label\": \"English\", \"value\": \"en\", \"disabled\": false, \"published\": true, \"shortlabel\": \"EN\"}], \"parent_id\": 0, \"published\": true, \"repeaters\": [], \"cmsSaveType\": \"update\", \"description\": {\"en\": null}, \"publish_end_date\": null, \"publish_start_date\": null}'),(5,1,1,'2023-11-28 00:39:16','2023-11-28 00:39:16','{\"slug\": {\"en\": \"example\"}, \"title\": {\"en\": \"example\"}, \"blocks\": [{\"id\": 1, \"type\": \"a17-block-image\", \"blocks\": [], \"medias\": {\"highlight\": [{\"id\": 1, \"name\": \"1920x1080.png\", \"tags\": [], \"crops\": {\"mobile\": {\"x\": 338, \"y\": 0, \"name\": \"mobile\", \"width\": 1080, \"height\": 1080}, \"desktop\": {\"x\": 0, \"y\": 0, \"name\": \"desktop\", \"width\": 1920, \"height\": 1080}}, \"width\": 1920, \"height\": 1080, \"medium\": \"https://example-app.test/img/b51d8e3e-0585-4396-ac2d-54549130031d/1920x1080.png?fm=jpg&q=80&fit=max&h=430\", \"original\": \"https://example-app.test/img/b51d8e3e-0585-4396-ac2d-54549130031d/1920x1080.png\", \"deleteUrl\": null, \"metadatas\": {\"custom\": {\"video\": null, \"altText\": null, \"caption\": null}, \"default\": {\"video\": null, \"altText\": \"1920x1080\", \"caption\": null}}, \"thumbnail\": \"https://example-app.test/img/b51d8e3e-0585-4396-ac2d-54549130031d/1920x1080.png?fm=jpg&q=60&fit=max&dpr=1&h=256\", \"updateUrl\": \"https://example-app.test/admin/media-library/medias/single-update\", \"deleteBulkUrl\": \"https://example-app.test/admin/media-library/medias/bulk-delete\", \"updateBulkUrl\": \"https://example-app.test/admin/media-library/medias/bulk-update\"}]}, \"content\": [], \"browsers\": [], \"editor_name\": \"default\", \"is_repeater\": false}], \"medias\": {\"cover\": [{\"id\": 1, \"name\": \"1920x1080.png\", \"tags\": [], \"crops\": {\"mobile\": {\"x\": 0, \"y\": 0, \"name\": \"landscape\", \"width\": 1920, \"height\": 1080}, \"default\": {\"x\": 0, \"y\": 0, \"name\": \"default\", \"width\": 1920, \"height\": 1080}}, \"width\": 1920, \"height\": 1080, \"medium\": \"https://example-app.test/img/b51d8e3e-0585-4396-ac2d-54549130031d/1920x1080.png?fm=jpg&q=80&fit=max&h=430\", \"disabled\": false, \"original\": \"https://example-app.test/img/b51d8e3e-0585-4396-ac2d-54549130031d/1920x1080.png\", \"deleteUrl\": null, \"metadatas\": {\"custom\": {\"video\": null, \"altText\": null, \"caption\": null}, \"default\": {\"video\": null, \"altText\": \"1920x1080\", \"caption\": null}}, \"thumbnail\": \"https://example-app.test/img/b51d8e3e-0585-4396-ac2d-54549130031d/1920x1080.png?fm=jpg&q=60&fit=max&dpr=1&h=256\", \"updateUrl\": \"https://example-app.test/admin/media-library/medias/single-update\", \"deleteBulkUrl\": \"https://example-app.test/admin/media-library/medias/bulk-delete\", \"updateBulkUrl\": \"https://example-app.test/admin/media-library/medias/bulk-update\"}]}, \"public\": false, \"browsers\": [], \"languages\": [{\"label\": \"English\", \"value\": \"en\", \"disabled\": false, \"published\": true, \"shortlabel\": \"EN\"}], \"parent_id\": 0, \"published\": true, \"repeaters\": [], \"cmsSaveType\": \"update\", \"description\": {\"en\": null}, \"publish_end_date\": null, \"publish_start_date\": null}'),(6,1,1,'2023-11-28 00:39:22','2023-11-28 00:39:22','{\"slug\": {\"en\": \"example\"}, \"title\": {\"en\": \"example\"}, \"blocks\": [{\"id\": 1, \"type\": \"a17-block-image\", \"blocks\": [], \"medias\": {\"highlight\": [{\"id\": 1, \"name\": \"1920x1080.png\", \"tags\": [], \"crops\": {\"mobile\": {\"x\": 338, \"y\": 0, \"name\": \"mobile\", \"width\": 1080, \"height\": 1080}, \"desktop\": {\"x\": 0, \"y\": 0, \"name\": \"desktop\", \"width\": 1920, \"height\": 1080}}, \"width\": 1920, \"height\": 1080, \"medium\": \"https://example-app.test/img/b51d8e3e-0585-4396-ac2d-54549130031d/1920x1080.png?fm=jpg&q=80&fit=max&h=430\", \"original\": \"https://example-app.test/img/b51d8e3e-0585-4396-ac2d-54549130031d/1920x1080.png\", \"deleteUrl\": null, \"metadatas\": {\"custom\": {\"video\": null, \"altText\": null, \"caption\": null}, \"default\": {\"video\": null, \"altText\": \"1920x1080\", \"caption\": null}}, \"thumbnail\": \"https://example-app.test/img/b51d8e3e-0585-4396-ac2d-54549130031d/1920x1080.png?fm=jpg&q=60&fit=max&dpr=1&h=256\", \"updateUrl\": \"https://example-app.test/admin/media-library/medias/single-update\", \"deleteBulkUrl\": \"https://example-app.test/admin/media-library/medias/bulk-delete\", \"updateBulkUrl\": \"https://example-app.test/admin/media-library/medias/bulk-update\"}]}, \"content\": [], \"browsers\": [], \"editor_name\": \"default\", \"is_repeater\": false}], \"medias\": {\"cover\": [{\"id\": 1, \"name\": \"1920x1080.png\", \"tags\": [], \"crops\": {\"mobile\": {\"x\": 0, \"y\": 0, \"name\": \"landscape\", \"width\": 1920, \"height\": 1080}, \"default\": {\"x\": 0, \"y\": 0, \"name\": \"default\", \"width\": 1920, \"height\": 1080}}, \"width\": 1920, \"height\": 1080, \"medium\": \"https://example-app.test/img/b51d8e3e-0585-4396-ac2d-54549130031d/1920x1080.png?fm=jpg&q=80&fit=max&h=430\", \"original\": \"https://example-app.test/img/b51d8e3e-0585-4396-ac2d-54549130031d/1920x1080.png\", \"deleteUrl\": null, \"metadatas\": {\"custom\": {\"video\": null, \"altText\": null, \"caption\": null}, \"default\": {\"video\": null, \"altText\": \"1920x1080\", \"caption\": null}}, \"thumbnail\": \"https://example-app.test/img/b51d8e3e-0585-4396-ac2d-54549130031d/1920x1080.png?fm=jpg&q=60&fit=max&dpr=1&h=256\", \"updateUrl\": \"https://example-app.test/admin/media-library/medias/single-update\", \"deleteBulkUrl\": \"https://example-app.test/admin/media-library/medias/bulk-delete\", \"updateBulkUrl\": \"https://example-app.test/admin/media-library/medias/bulk-update\"}]}, \"public\": false, \"browsers\": [], \"languages\": [{\"label\": \"English\", \"value\": \"en\", \"disabled\": false, \"published\": true, \"shortlabel\": \"EN\"}], \"parent_id\": 0, \"published\": true, \"repeaters\": [], \"cmsSaveType\": \"update\", \"description\": {\"en\": \"Example Description\"}, \"publish_end_date\": null, \"publish_start_date\": null}'),(7,1,1,'2023-11-28 00:39:54','2023-11-28 00:39:54','{\"slug\": {\"en\": \"example\"}, \"title\": {\"en\": \"example\"}, \"blocks\": [{\"id\": 1701131984347, \"type\": \"a17-block-text\", \"blocks\": [], \"medias\": [], \"content\": {\"text\": {\"en\": \"<p>Example Text</p>\"}, \"title\": {\"en\": \"Example Title\"}}, \"browsers\": [], \"editor_name\": \"default\", \"is_repeater\": false}, {\"id\": 1, \"type\": \"a17-block-image\", \"blocks\": [], \"medias\": {\"highlight\": [{\"id\": 1, \"name\": \"1920x1080.png\", \"tags\": [], \"crops\": {\"mobile\": {\"x\": 338, \"y\": 0, \"name\": \"mobile\", \"width\": 1080, \"height\": 1080}, \"desktop\": {\"x\": 0, \"y\": 0, \"name\": \"desktop\", \"width\": 1920, \"height\": 1080}}, \"width\": 1920, \"height\": 1080, \"medium\": \"https://example-app.test/img/b51d8e3e-0585-4396-ac2d-54549130031d/1920x1080.png?fm=jpg&q=80&fit=max&h=430\", \"original\": \"https://example-app.test/img/b51d8e3e-0585-4396-ac2d-54549130031d/1920x1080.png\", \"deleteUrl\": null, \"metadatas\": {\"custom\": {\"video\": null, \"altText\": null, \"caption\": null}, \"default\": {\"video\": null, \"altText\": \"1920x1080\", \"caption\": null}}, \"thumbnail\": \"https://example-app.test/img/b51d8e3e-0585-4396-ac2d-54549130031d/1920x1080.png?fm=jpg&q=60&fit=max&dpr=1&h=256\", \"updateUrl\": \"https://example-app.test/admin/media-library/medias/single-update\", \"deleteBulkUrl\": \"https://example-app.test/admin/media-library/medias/bulk-delete\", \"updateBulkUrl\": \"https://example-app.test/admin/media-library/medias/bulk-update\"}]}, \"content\": [], \"browsers\": [], \"editor_name\": \"default\", \"is_repeater\": false}], \"medias\": {\"cover\": [{\"id\": 1, \"name\": \"1920x1080.png\", \"tags\": [], \"crops\": {\"mobile\": {\"x\": 0, \"y\": 0, \"name\": \"landscape\", \"width\": 1920, \"height\": 1080}, \"default\": {\"x\": 0, \"y\": 0, \"name\": \"default\", \"width\": 1920, \"height\": 1080}}, \"width\": 1920, \"height\": 1080, \"medium\": \"https://example-app.test/img/b51d8e3e-0585-4396-ac2d-54549130031d/1920x1080.png?fm=jpg&q=80&fit=max&h=430\", \"original\": \"https://example-app.test/img/b51d8e3e-0585-4396-ac2d-54549130031d/1920x1080.png\", \"deleteUrl\": null, \"metadatas\": {\"custom\": {\"video\": null, \"altText\": null, \"caption\": null}, \"default\": {\"video\": null, \"altText\": \"1920x1080\", \"caption\": null}}, \"thumbnail\": \"https://example-app.test/img/b51d8e3e-0585-4396-ac2d-54549130031d/1920x1080.png?fm=jpg&q=60&fit=max&dpr=1&h=256\", \"updateUrl\": \"https://example-app.test/admin/media-library/medias/single-update\", \"deleteBulkUrl\": \"https://example-app.test/admin/media-library/medias/bulk-delete\", \"updateBulkUrl\": \"https://example-app.test/admin/media-library/medias/bulk-update\"}]}, \"public\": false, \"browsers\": [], \"languages\": [{\"label\": \"English\", \"value\": \"en\", \"disabled\": false, \"published\": true, \"shortlabel\": \"EN\"}], \"parent_id\": 0, \"published\": true, \"repeaters\": [], \"cmsSaveType\": \"update\", \"description\": {\"en\": \"Example Description\"}, \"publish_end_date\": null, \"publish_start_date\": null}'),(8,1,1,'2023-11-28 00:40:10','2023-11-28 00:40:10','{\"slug\": {\"en\": \"example\"}, \"title\": {\"en\": \"example\"}, \"blocks\": [{\"id\": 2, \"type\": \"a17-block-text\", \"blocks\": [], \"medias\": [], \"content\": {\"text\": {\"en\": \"<p>Example Text</p>\"}, \"title\": {\"en\": \"Example Title\"}}, \"browsers\": [], \"editor_name\": \"default\", \"is_repeater\": false}, {\"id\": 1, \"type\": \"a17-block-image\", \"blocks\": [], \"medias\": {\"highlight\": [{\"id\": 1, \"name\": \"1920x1080.png\", \"tags\": [], \"crops\": {\"mobile\": {\"x\": 338, \"y\": 0, \"name\": \"mobile\", \"width\": 1080, \"height\": 1080}, \"desktop\": {\"x\": 0, \"y\": 0, \"name\": \"desktop\", \"width\": 1920, \"height\": 1080}}, \"width\": 1920, \"height\": 1080, \"medium\": \"https://example-app.test/img/b51d8e3e-0585-4396-ac2d-54549130031d/1920x1080.png?fm=jpg&q=80&fit=max&h=430\", \"original\": \"https://example-app.test/img/b51d8e3e-0585-4396-ac2d-54549130031d/1920x1080.png\", \"deleteUrl\": null, \"metadatas\": {\"custom\": {\"video\": null, \"altText\": null, \"caption\": null}, \"default\": {\"video\": null, \"altText\": \"1920x1080\", \"caption\": null}}, \"thumbnail\": \"https://example-app.test/img/b51d8e3e-0585-4396-ac2d-54549130031d/1920x1080.png?fm=jpg&q=60&fit=max&dpr=1&h=256\", \"updateUrl\": \"https://example-app.test/admin/media-library/medias/single-update\", \"deleteBulkUrl\": \"https://example-app.test/admin/media-library/medias/bulk-delete\", \"updateBulkUrl\": \"https://example-app.test/admin/media-library/medias/bulk-update\"}]}, \"content\": [], \"browsers\": [], \"editor_name\": \"default\", \"is_repeater\": false}], \"medias\": {\"cover\": [{\"id\": 1, \"name\": \"1920x1080.png\", \"tags\": [], \"crops\": {\"mobile\": {\"x\": 0, \"y\": 0, \"name\": \"landscape\", \"width\": 1920, \"height\": 1080}, \"default\": {\"x\": 0, \"y\": 0, \"name\": \"default\", \"width\": 1920, \"height\": 1080}}, \"width\": 1920, \"height\": 1080, \"medium\": \"https://example-app.test/img/b51d8e3e-0585-4396-ac2d-54549130031d/1920x1080.png?fm=jpg&q=80&fit=max&h=430\", \"original\": \"https://example-app.test/img/b51d8e3e-0585-4396-ac2d-54549130031d/1920x1080.png\", \"deleteUrl\": null, \"metadatas\": {\"custom\": {\"video\": null, \"altText\": null, \"caption\": null}, \"default\": {\"video\": null, \"altText\": \"1920x1080\", \"caption\": null}}, \"thumbnail\": \"https://example-app.test/img/b51d8e3e-0585-4396-ac2d-54549130031d/1920x1080.png?fm=jpg&q=60&fit=max&dpr=1&h=256\", \"updateUrl\": \"https://example-app.test/admin/media-library/medias/single-update\", \"deleteBulkUrl\": \"https://example-app.test/admin/media-library/medias/bulk-delete\", \"updateBulkUrl\": \"https://example-app.test/admin/media-library/medias/bulk-update\"}]}, \"public\": false, \"browsers\": [], \"languages\": [{\"label\": \"English\", \"value\": \"en\", \"disabled\": false, \"published\": true, \"shortlabel\": \"EN\"}], \"parent_id\": 0, \"published\": true, \"repeaters\": [], \"cmsSaveType\": \"update\", \"description\": {\"en\": \"Example Description\"}, \"publish_end_date\": null, \"publish_start_date\": null}'),(9,1,1,'2023-11-28 00:45:02','2023-11-28 00:45:02','{\"slug\": {\"en\": \"example\"}, \"title\": {\"en\": \"example\"}, \"blocks\": [{\"id\": 1, \"type\": \"a17-block-image\", \"blocks\": [], \"medias\": {\"highlight\": [{\"id\": 1, \"name\": \"1920x1080.png\", \"tags\": [], \"crops\": {\"mobile\": {\"x\": 338, \"y\": 0, \"name\": \"mobile\", \"width\": 1080, \"height\": 1080}, \"desktop\": {\"x\": 0, \"y\": 0, \"name\": \"desktop\", \"width\": 1920, \"height\": 1080}}, \"width\": 1920, \"height\": 1080, \"medium\": \"https://example-app.test/img/b51d8e3e-0585-4396-ac2d-54549130031d/1920x1080.png?fm=jpg&q=80&fit=max&h=430\", \"original\": \"https://example-app.test/img/b51d8e3e-0585-4396-ac2d-54549130031d/1920x1080.png\", \"deleteUrl\": null, \"metadatas\": {\"custom\": {\"video\": null, \"altText\": null, \"caption\": null}, \"default\": {\"video\": null, \"altText\": \"1920x1080\", \"caption\": null}}, \"thumbnail\": \"https://example-app.test/img/b51d8e3e-0585-4396-ac2d-54549130031d/1920x1080.png?fm=jpg&q=60&fit=max&dpr=1&h=256\", \"updateUrl\": \"https://example-app.test/admin/media-library/medias/single-update\", \"deleteBulkUrl\": \"https://example-app.test/admin/media-library/medias/bulk-delete\", \"updateBulkUrl\": \"https://example-app.test/admin/media-library/medias/bulk-update\"}]}, \"content\": [], \"browsers\": [], \"editor_name\": \"default\", \"is_repeater\": false}, {\"id\": 2, \"type\": \"a17-block-text\", \"blocks\": [], \"medias\": [], \"content\": {\"text\": {\"en\": \"<p>Example Text</p>\"}, \"title\": {\"en\": \"Example Title\"}}, \"browsers\": [], \"editor_name\": \"default\", \"is_repeater\": false}], \"medias\": {\"cover\": [{\"id\": 1, \"name\": \"1920x1080.png\", \"tags\": [], \"crops\": {\"mobile\": {\"x\": 0, \"y\": 0, \"name\": \"landscape\", \"width\": 1920, \"height\": 1080}, \"default\": {\"x\": 0, \"y\": 0, \"name\": \"default\", \"width\": 1920, \"height\": 1080}}, \"width\": 1920, \"height\": 1080, \"medium\": \"https://example-app.test/img/b51d8e3e-0585-4396-ac2d-54549130031d/1920x1080.png?fm=jpg&q=80&fit=max&h=430\", \"original\": \"https://example-app.test/img/b51d8e3e-0585-4396-ac2d-54549130031d/1920x1080.png\", \"deleteUrl\": null, \"metadatas\": {\"custom\": {\"video\": null, \"altText\": null, \"caption\": null}, \"default\": {\"video\": null, \"altText\": \"1920x1080\", \"caption\": null}}, \"thumbnail\": \"https://example-app.test/img/b51d8e3e-0585-4396-ac2d-54549130031d/1920x1080.png?fm=jpg&q=60&fit=max&dpr=1&h=256\", \"updateUrl\": \"https://example-app.test/admin/media-library/medias/single-update\", \"deleteBulkUrl\": \"https://example-app.test/admin/media-library/medias/bulk-delete\", \"updateBulkUrl\": \"https://example-app.test/admin/media-library/medias/bulk-update\"}]}, \"public\": false, \"browsers\": [], \"languages\": [{\"label\": \"English\", \"value\": \"en\", \"disabled\": false, \"published\": true, \"shortlabel\": \"EN\"}], \"parent_id\": 0, \"published\": true, \"repeaters\": [], \"cmsSaveType\": \"update\", \"description\": {\"en\": \"Example Description\"}, \"publish_end_date\": null, \"publish_start_date\": null}'),(10,1,1,'2023-11-28 00:53:34','2023-11-28 00:53:34','{\"slug\": {\"en\": \"home\"}, \"title\": {\"en\": \"Home\"}, \"blocks\": [{\"id\": 1, \"type\": \"a17-block-image\", \"blocks\": [], \"medias\": {\"highlight\": [{\"id\": 1, \"name\": \"1920x1080.png\", \"tags\": [], \"crops\": {\"mobile\": {\"x\": 338, \"y\": 0, \"name\": \"mobile\", \"width\": 1080, \"height\": 1080}, \"desktop\": {\"x\": 0, \"y\": 0, \"name\": \"desktop\", \"width\": 1920, \"height\": 1080}}, \"width\": 1920, \"height\": 1080, \"medium\": \"https://example-app.test/img/b51d8e3e-0585-4396-ac2d-54549130031d/1920x1080.png?fm=jpg&q=80&fit=max&h=430\", \"original\": \"https://example-app.test/img/b51d8e3e-0585-4396-ac2d-54549130031d/1920x1080.png\", \"deleteUrl\": null, \"metadatas\": {\"custom\": {\"video\": null, \"altText\": null, \"caption\": null}, \"default\": {\"video\": null, \"altText\": \"1920x1080\", \"caption\": null}}, \"thumbnail\": \"https://example-app.test/img/b51d8e3e-0585-4396-ac2d-54549130031d/1920x1080.png?fm=jpg&q=60&fit=max&dpr=1&h=256\", \"updateUrl\": \"https://example-app.test/admin/media-library/medias/single-update\", \"deleteBulkUrl\": \"https://example-app.test/admin/media-library/medias/bulk-delete\", \"updateBulkUrl\": \"https://example-app.test/admin/media-library/medias/bulk-update\"}]}, \"content\": [], \"browsers\": [], \"editor_name\": \"default\", \"is_repeater\": false}, {\"id\": 2, \"type\": \"a17-block-text\", \"blocks\": [], \"medias\": [], \"content\": {\"text\": {\"en\": \"<p>Home Text</p>\"}, \"title\": {\"en\": \"Home Title\"}}, \"browsers\": [], \"editor_name\": \"default\", \"is_repeater\": false}], \"medias\": {\"cover\": [{\"id\": 1, \"name\": \"1920x1080.png\", \"tags\": [], \"crops\": {\"mobile\": {\"x\": 0, \"y\": 0, \"name\": \"landscape\", \"width\": 1920, \"height\": 1080}, \"default\": {\"x\": 0, \"y\": 0, \"name\": \"default\", \"width\": 1920, \"height\": 1080}}, \"width\": 1920, \"height\": 1080, \"medium\": \"https://example-app.test/img/b51d8e3e-0585-4396-ac2d-54549130031d/1920x1080.png?fm=jpg&q=80&fit=max&h=430\", \"original\": \"https://example-app.test/img/b51d8e3e-0585-4396-ac2d-54549130031d/1920x1080.png\", \"deleteUrl\": null, \"metadatas\": {\"custom\": {\"video\": null, \"altText\": null, \"caption\": null}, \"default\": {\"video\": null, \"altText\": \"1920x1080\", \"caption\": null}}, \"thumbnail\": \"https://example-app.test/img/b51d8e3e-0585-4396-ac2d-54549130031d/1920x1080.png?fm=jpg&q=60&fit=max&dpr=1&h=256\", \"updateUrl\": \"https://example-app.test/admin/media-library/medias/single-update\", \"deleteBulkUrl\": \"https://example-app.test/admin/media-library/medias/bulk-delete\", \"updateBulkUrl\": \"https://example-app.test/admin/media-library/medias/bulk-update\"}]}, \"public\": false, \"browsers\": [], \"languages\": [{\"label\": \"English\", \"value\": \"en\", \"disabled\": false, \"published\": true, \"shortlabel\": \"EN\"}], \"parent_id\": 0, \"published\": true, \"repeaters\": [], \"cmsSaveType\": \"update\", \"description\": {\"en\": \"Home Description\"}, \"publish_end_date\": null, \"publish_start_date\": null}'),(11,2,1,'2023-11-28 00:53:39','2023-11-28 00:53:39','{\"slug\": {\"en\": \"about\"}, \"title\": {\"en\": \"About\"}, \"languages\": [{\"label\": \"English\", \"value\": \"en\", \"disabled\": false, \"published\": true, \"shortlabel\": \"EN\"}], \"published\": true}'),(12,2,1,'2023-11-28 00:53:58','2023-11-28 00:53:58','{\"slug\": {\"en\": \"about\"}, \"title\": {\"en\": \"About\"}, \"blocks\": [{\"id\": 1701132832456, \"type\": \"a17-block-text\", \"blocks\": [], \"medias\": [], \"content\": {\"text\": {\"en\": \"<p>About Text</p>\"}, \"title\": {\"en\": \"About Title\"}}, \"browsers\": [], \"editor_name\": \"default\", \"is_repeater\": false}], \"medias\": [], \"public\": false, \"browsers\": [], \"languages\": [{\"label\": \"English\", \"value\": \"en\", \"disabled\": false, \"published\": true, \"shortlabel\": \"EN\"}], \"parent_id\": 0, \"published\": true, \"repeaters\": [], \"cmsSaveType\": \"update\", \"description\": {\"en\": \"About Description\"}, \"publish_end_date\": null, \"publish_start_date\": null}'),(13,3,1,'2023-11-28 00:54:05','2023-11-28 00:54:05','{\"slug\": {\"en\": \"team\"}, \"title\": {\"en\": \"Team\"}, \"languages\": [{\"label\": \"English\", \"value\": \"en\", \"disabled\": false, \"published\": true, \"shortlabel\": \"EN\"}], \"published\": true}'),(14,3,1,'2023-11-28 00:54:18','2023-11-28 00:54:18','{\"slug\": {\"en\": \"team\"}, \"title\": {\"en\": \"Team\"}, \"blocks\": [{\"id\": 1701132851207, \"type\": \"a17-block-text\", \"blocks\": [], \"medias\": [], \"content\": {\"text\": {\"en\": \"<p>Team Text</p>\"}, \"title\": {\"en\": \"Team Title\"}}, \"browsers\": [], \"editor_name\": \"default\", \"is_repeater\": false}], \"medias\": [], \"public\": false, \"browsers\": [], \"languages\": [{\"label\": \"English\", \"value\": \"en\", \"disabled\": false, \"published\": true, \"shortlabel\": \"EN\"}], \"parent_id\": 0, \"published\": true, \"repeaters\": [], \"cmsSaveType\": \"update\", \"description\": {\"en\": \"Team Description\"}, \"publish_end_date\": null, \"publish_start_date\": null}'),(15,1,1,'2023-12-06 00:50:46','2023-12-06 00:50:46','{\"slug\": {\"en\": \"home\", \"zh\": null}, \"title\": {\"en\": \"Home\", \"zh\": null}, \"blocks\": [{\"id\": 1, \"type\": \"a17-block-image\", \"blocks\": [], \"medias\": {\"highlight\": [{\"id\": 1, \"name\": \"1920x1080.png\", \"tags\": [], \"crops\": {\"mobile\": {\"x\": 338, \"y\": 0, \"name\": \"mobile\", \"width\": 1080, \"height\": 1080}, \"desktop\": {\"x\": 0, \"y\": 0, \"name\": \"desktop\", \"width\": 1920, \"height\": 1080}}, \"width\": 1920, \"height\": 1080, \"medium\": \"https://example-app.test/storage/uploads/b51d8e3e-0585-4396-ac2d-54549130031d/1920x1080.png\", \"original\": \"https://example-app.test/storage/uploads/b51d8e3e-0585-4396-ac2d-54549130031d/1920x1080.png\", \"deleteUrl\": null, \"metadatas\": {\"custom\": {\"video\": null, \"altText\": null, \"caption\": null}, \"default\": {\"video\": null, \"altText\": \"1920x1080\", \"caption\": null}}, \"thumbnail\": \"https://example-app.test/storage/uploads/b51d8e3e-0585-4396-ac2d-54549130031d/1920x1080.png\", \"updateUrl\": \"https://example-app.test/admin/media-library/medias/single-update\", \"deleteBulkUrl\": \"https://example-app.test/admin/media-library/medias/bulk-delete\", \"updateBulkUrl\": \"https://example-app.test/admin/media-library/medias/bulk-update\"}]}, \"content\": [], \"browsers\": [], \"editor_name\": \"default\", \"is_repeater\": false}, {\"id\": 2, \"type\": \"a17-block-text\", \"blocks\": [], \"medias\": [], \"content\": {\"text\": {\"en\": \"<p>Home Text</p>\"}, \"title\": {\"en\": \"Home Title\"}}, \"browsers\": [], \"editor_name\": \"default\", \"is_repeater\": false}], \"medias\": {\"cover\": [{\"id\": 1, \"name\": \"1920x1080.png\", \"tags\": [], \"crops\": {\"mobile\": {\"x\": 0, \"y\": 0, \"name\": \"landscape\", \"width\": 1920, \"height\": 1080}, \"default\": {\"x\": 0, \"y\": 0, \"name\": \"default\", \"width\": 1920, \"height\": 1080}}, \"width\": 1920, \"height\": 1080, \"medium\": \"https://example-app.test/storage/uploads/b51d8e3e-0585-4396-ac2d-54549130031d/1920x1080.png\", \"original\": \"https://example-app.test/storage/uploads/b51d8e3e-0585-4396-ac2d-54549130031d/1920x1080.png\", \"deleteUrl\": null, \"metadatas\": {\"custom\": {\"video\": null, \"altText\": null, \"caption\": null}, \"default\": {\"video\": null, \"altText\": \"1920x1080\", \"caption\": null}}, \"thumbnail\": \"https://example-app.test/storage/uploads/b51d8e3e-0585-4396-ac2d-54549130031d/1920x1080.png\", \"updateUrl\": \"https://example-app.test/admin/media-library/medias/single-update\", \"deleteBulkUrl\": \"https://example-app.test/admin/media-library/medias/bulk-delete\", \"updateBulkUrl\": \"https://example-app.test/admin/media-library/medias/bulk-update\"}]}, \"public\": false, \"browsers\": [], \"languages\": [{\"label\": \"English\", \"value\": \"en\", \"disabled\": false, \"published\": 1, \"shortlabel\": \"EN\"}, {\"label\": \"Chinese\", \"value\": \"zh\", \"disabled\": false, \"published\": false, \"shortlabel\": \"ZH\"}], \"parent_id\": 0, \"published\": true, \"repeaters\": [], \"cmsSaveType\": \"update\", \"description\": {\"en\": \"Home Description\", \"zh\": \"主页描述\"}, \"publish_end_date\": null, \"publish_start_date\": null}'),(16,1,1,'2023-12-06 00:50:59','2023-12-06 00:50:59','{\"slug\": {\"en\": \"home\", \"zh\": null}, \"title\": {\"en\": \"Home\", \"zh\": null}, \"blocks\": [{\"id\": 1, \"type\": \"a17-block-image\", \"blocks\": [], \"medias\": {\"highlight\": [{\"id\": 1, \"name\": \"1920x1080.png\", \"tags\": [], \"crops\": {\"mobile\": {\"x\": 338, \"y\": 0, \"name\": \"mobile\", \"width\": 1080, \"height\": 1080}, \"desktop\": {\"x\": 0, \"y\": 0, \"name\": \"desktop\", \"width\": 1920, \"height\": 1080}}, \"width\": 1920, \"height\": 1080, \"medium\": \"https://example-app.test/storage/uploads/b51d8e3e-0585-4396-ac2d-54549130031d/1920x1080.png\", \"original\": \"https://example-app.test/storage/uploads/b51d8e3e-0585-4396-ac2d-54549130031d/1920x1080.png\", \"deleteUrl\": null, \"metadatas\": {\"custom\": {\"video\": null, \"altText\": null, \"caption\": null}, \"default\": {\"video\": null, \"altText\": \"1920x1080\", \"caption\": null}}, \"thumbnail\": \"https://example-app.test/storage/uploads/b51d8e3e-0585-4396-ac2d-54549130031d/1920x1080.png\", \"updateUrl\": \"https://example-app.test/admin/media-library/medias/single-update\", \"deleteBulkUrl\": \"https://example-app.test/admin/media-library/medias/bulk-delete\", \"updateBulkUrl\": \"https://example-app.test/admin/media-library/medias/bulk-update\"}]}, \"content\": [], \"browsers\": [], \"editor_name\": \"default\", \"is_repeater\": false}, {\"id\": 2, \"type\": \"a17-block-text\", \"blocks\": [], \"medias\": [], \"content\": {\"text\": {\"en\": \"<p>Home Text</p>\"}, \"title\": {\"en\": \"Home Title\"}}, \"browsers\": [], \"editor_name\": \"default\", \"is_repeater\": false}], \"medias\": {\"cover\": [{\"id\": 1, \"name\": \"1920x1080.png\", \"tags\": [], \"crops\": {\"mobile\": {\"x\": 0, \"y\": 0, \"name\": \"landscape\", \"width\": 1920, \"height\": 1080}, \"default\": {\"x\": 0, \"y\": 0, \"name\": \"default\", \"width\": 1920, \"height\": 1080}}, \"width\": 1920, \"height\": 1080, \"medium\": \"https://example-app.test/storage/uploads/b51d8e3e-0585-4396-ac2d-54549130031d/1920x1080.png\", \"original\": \"https://example-app.test/storage/uploads/b51d8e3e-0585-4396-ac2d-54549130031d/1920x1080.png\", \"deleteUrl\": null, \"metadatas\": {\"custom\": {\"video\": null, \"altText\": null, \"caption\": null}, \"default\": {\"video\": null, \"altText\": \"1920x1080\", \"caption\": null}}, \"thumbnail\": \"https://example-app.test/storage/uploads/b51d8e3e-0585-4396-ac2d-54549130031d/1920x1080.png\", \"updateUrl\": \"https://example-app.test/admin/media-library/medias/single-update\", \"deleteBulkUrl\": \"https://example-app.test/admin/media-library/medias/bulk-delete\", \"updateBulkUrl\": \"https://example-app.test/admin/media-library/medias/bulk-update\"}]}, \"public\": false, \"browsers\": [], \"languages\": [{\"label\": \"English\", \"value\": \"en\", \"disabled\": false, \"published\": true, \"shortlabel\": \"EN\"}, {\"label\": \"Chinese\", \"value\": \"zh\", \"disabled\": false, \"published\": true, \"shortlabel\": \"ZH\"}], \"parent_id\": 0, \"published\": true, \"repeaters\": [], \"cmsSaveType\": \"update\", \"description\": {\"en\": \"Home Description\", \"zh\": \"主页描述\"}, \"publish_end_date\": null, \"publish_start_date\": null}'),(17,1,1,'2023-12-06 00:51:40','2023-12-06 00:51:40','{\"slug\": {\"en\": \"home\", \"zh\": \"home\"}, \"title\": {\"en\": \"Home\", \"zh\": \"Home\"}, \"blocks\": [{\"id\": 1, \"type\": \"a17-block-image\", \"blocks\": [], \"medias\": {\"highlight\": [{\"id\": 1, \"name\": \"1920x1080.png\", \"tags\": [], \"crops\": {\"mobile\": {\"x\": 338, \"y\": 0, \"name\": \"mobile\", \"width\": 1080, \"height\": 1080}, \"desktop\": {\"x\": 0, \"y\": 0, \"name\": \"desktop\", \"width\": 1920, \"height\": 1080}}, \"width\": 1920, \"height\": 1080, \"medium\": \"https://example-app.test/storage/uploads/b51d8e3e-0585-4396-ac2d-54549130031d/1920x1080.png\", \"original\": \"https://example-app.test/storage/uploads/b51d8e3e-0585-4396-ac2d-54549130031d/1920x1080.png\", \"deleteUrl\": null, \"metadatas\": {\"custom\": {\"video\": null, \"altText\": null, \"caption\": null}, \"default\": {\"video\": null, \"altText\": \"1920x1080\", \"caption\": null}}, \"thumbnail\": \"https://example-app.test/storage/uploads/b51d8e3e-0585-4396-ac2d-54549130031d/1920x1080.png\", \"updateUrl\": \"https://example-app.test/admin/media-library/medias/single-update\", \"deleteBulkUrl\": \"https://example-app.test/admin/media-library/medias/bulk-delete\", \"updateBulkUrl\": \"https://example-app.test/admin/media-library/medias/bulk-update\"}]}, \"content\": [], \"browsers\": [], \"editor_name\": \"default\", \"is_repeater\": false}, {\"id\": 2, \"type\": \"a17-block-text\", \"blocks\": [], \"medias\": [], \"content\": {\"text\": {\"en\": \"<p>Home Text</p>\"}, \"title\": {\"en\": \"Home Title\"}}, \"browsers\": [], \"editor_name\": \"default\", \"is_repeater\": false}], \"medias\": {\"cover\": [{\"id\": 1, \"name\": \"1920x1080.png\", \"tags\": [], \"crops\": {\"mobile\": {\"x\": 0, \"y\": 0, \"name\": \"landscape\", \"width\": 1920, \"height\": 1080}, \"default\": {\"x\": 0, \"y\": 0, \"name\": \"default\", \"width\": 1920, \"height\": 1080}}, \"width\": 1920, \"height\": 1080, \"medium\": \"https://example-app.test/storage/uploads/b51d8e3e-0585-4396-ac2d-54549130031d/1920x1080.png\", \"original\": \"https://example-app.test/storage/uploads/b51d8e3e-0585-4396-ac2d-54549130031d/1920x1080.png\", \"deleteUrl\": null, \"metadatas\": {\"custom\": {\"video\": null, \"altText\": null, \"caption\": null}, \"default\": {\"video\": null, \"altText\": \"1920x1080\", \"caption\": null}}, \"thumbnail\": \"https://example-app.test/storage/uploads/b51d8e3e-0585-4396-ac2d-54549130031d/1920x1080.png\", \"updateUrl\": \"https://example-app.test/admin/media-library/medias/single-update\", \"deleteBulkUrl\": \"https://example-app.test/admin/media-library/medias/bulk-delete\", \"updateBulkUrl\": \"https://example-app.test/admin/media-library/medias/bulk-update\"}]}, \"public\": false, \"browsers\": [], \"languages\": [{\"label\": \"English\", \"value\": \"en\", \"disabled\": false, \"published\": 1, \"shortlabel\": \"EN\"}, {\"label\": \"Chinese\", \"value\": \"zh\", \"disabled\": false, \"published\": 1, \"shortlabel\": \"ZH\"}], \"parent_id\": 0, \"published\": true, \"repeaters\": [], \"cmsSaveType\": \"update\", \"description\": {\"en\": \"Home Description\", \"zh\": \"主页描述\"}, \"publish_end_date\": null, \"publish_start_date\": null}'),(18,1,1,'2023-12-06 00:51:54','2023-12-06 00:51:54','{\"slug\": {\"en\": \"home\", \"zh\": \"home\"}, \"title\": {\"en\": \"Home\", \"zh\": \"主页\"}, \"blocks\": [{\"id\": 1, \"type\": \"a17-block-image\", \"blocks\": [], \"medias\": {\"highlight\": [{\"id\": 1, \"name\": \"1920x1080.png\", \"tags\": [], \"crops\": {\"mobile\": {\"x\": 338, \"y\": 0, \"name\": \"mobile\", \"width\": 1080, \"height\": 1080}, \"desktop\": {\"x\": 0, \"y\": 0, \"name\": \"desktop\", \"width\": 1920, \"height\": 1080}}, \"width\": 1920, \"height\": 1080, \"medium\": \"https://example-app.test/storage/uploads/b51d8e3e-0585-4396-ac2d-54549130031d/1920x1080.png\", \"original\": \"https://example-app.test/storage/uploads/b51d8e3e-0585-4396-ac2d-54549130031d/1920x1080.png\", \"deleteUrl\": null, \"metadatas\": {\"custom\": {\"video\": null, \"altText\": null, \"caption\": null}, \"default\": {\"video\": null, \"altText\": \"1920x1080\", \"caption\": null}}, \"thumbnail\": \"https://example-app.test/storage/uploads/b51d8e3e-0585-4396-ac2d-54549130031d/1920x1080.png\", \"updateUrl\": \"https://example-app.test/admin/media-library/medias/single-update\", \"deleteBulkUrl\": \"https://example-app.test/admin/media-library/medias/bulk-delete\", \"updateBulkUrl\": \"https://example-app.test/admin/media-library/medias/bulk-update\"}]}, \"content\": [], \"browsers\": [], \"editor_name\": \"default\", \"is_repeater\": false}, {\"id\": 2, \"type\": \"a17-block-text\", \"blocks\": [], \"medias\": [], \"content\": {\"text\": {\"en\": \"<p>Home Text</p>\"}, \"title\": {\"en\": \"Home Title\"}}, \"browsers\": [], \"editor_name\": \"default\", \"is_repeater\": false}], \"medias\": {\"cover\": [{\"id\": 1, \"name\": \"1920x1080.png\", \"tags\": [], \"crops\": {\"mobile\": {\"x\": 0, \"y\": 0, \"name\": \"landscape\", \"width\": 1920, \"height\": 1080}, \"default\": {\"x\": 0, \"y\": 0, \"name\": \"default\", \"width\": 1920, \"height\": 1080}}, \"width\": 1920, \"height\": 1080, \"medium\": \"https://example-app.test/storage/uploads/b51d8e3e-0585-4396-ac2d-54549130031d/1920x1080.png\", \"original\": \"https://example-app.test/storage/uploads/b51d8e3e-0585-4396-ac2d-54549130031d/1920x1080.png\", \"deleteUrl\": null, \"metadatas\": {\"custom\": {\"video\": null, \"altText\": null, \"caption\": null}, \"default\": {\"video\": null, \"altText\": \"1920x1080\", \"caption\": null}}, \"thumbnail\": \"https://example-app.test/storage/uploads/b51d8e3e-0585-4396-ac2d-54549130031d/1920x1080.png\", \"updateUrl\": \"https://example-app.test/admin/media-library/medias/single-update\", \"deleteBulkUrl\": \"https://example-app.test/admin/media-library/medias/bulk-delete\", \"updateBulkUrl\": \"https://example-app.test/admin/media-library/medias/bulk-update\"}]}, \"public\": false, \"browsers\": [], \"languages\": [{\"label\": \"English\", \"value\": \"en\", \"disabled\": false, \"published\": 1, \"shortlabel\": \"EN\"}, {\"label\": \"Chinese\", \"value\": \"zh\", \"disabled\": false, \"published\": 1, \"shortlabel\": \"ZH\"}], \"parent_id\": 0, \"published\": true, \"repeaters\": [], \"cmsSaveType\": \"update\", \"description\": {\"en\": \"Home Description\", \"zh\": \"主页描述\"}, \"publish_end_date\": null, \"publish_start_date\": null}'),(19,1,1,'2023-12-06 00:52:43','2023-12-06 00:52:43','{\"slug\": {\"en\": \"home\", \"zh\": \"home\"}, \"title\": {\"en\": \"Home\", \"zh\": \"主页\"}, \"blocks\": [{\"id\": 1, \"type\": \"a17-block-image\", \"blocks\": [], \"medias\": {\"highlight\": [{\"id\": 1, \"name\": \"1920x1080.png\", \"tags\": [], \"crops\": {\"mobile\": {\"x\": 338, \"y\": 0, \"name\": \"mobile\", \"width\": 1080, \"height\": 1080}, \"desktop\": {\"x\": 0, \"y\": 0, \"name\": \"desktop\", \"width\": 1920, \"height\": 1080}}, \"width\": 1920, \"height\": 1080, \"medium\": \"https://example-app.test/storage/uploads/b51d8e3e-0585-4396-ac2d-54549130031d/1920x1080.png\", \"original\": \"https://example-app.test/storage/uploads/b51d8e3e-0585-4396-ac2d-54549130031d/1920x1080.png\", \"deleteUrl\": null, \"metadatas\": {\"custom\": {\"video\": null, \"altText\": null, \"caption\": null}, \"default\": {\"video\": null, \"altText\": \"1920x1080\", \"caption\": null}}, \"thumbnail\": \"https://example-app.test/storage/uploads/b51d8e3e-0585-4396-ac2d-54549130031d/1920x1080.png\", \"updateUrl\": \"https://example-app.test/admin/media-library/medias/single-update\", \"deleteBulkUrl\": \"https://example-app.test/admin/media-library/medias/bulk-delete\", \"updateBulkUrl\": \"https://example-app.test/admin/media-library/medias/bulk-update\"}]}, \"content\": [], \"browsers\": [], \"editor_name\": \"default\", \"is_repeater\": false}, {\"id\": 2, \"type\": \"a17-block-text\", \"blocks\": [], \"medias\": [], \"content\": {\"text\": {\"en\": \"<p>Home Text</p>\", \"zh\": \"<p>主页内容</p>\"}, \"title\": {\"en\": \"Home Title\", \"zh\": \"主页标题\"}}, \"browsers\": [], \"editor_name\": \"default\", \"is_repeater\": false}], \"medias\": {\"cover\": [{\"id\": 1, \"name\": \"1920x1080.png\", \"tags\": [], \"crops\": {\"mobile\": {\"x\": 0, \"y\": 0, \"name\": \"landscape\", \"width\": 1920, \"height\": 1080}, \"default\": {\"x\": 0, \"y\": 0, \"name\": \"default\", \"width\": 1920, \"height\": 1080}}, \"width\": 1920, \"height\": 1080, \"medium\": \"https://example-app.test/storage/uploads/b51d8e3e-0585-4396-ac2d-54549130031d/1920x1080.png\", \"original\": \"https://example-app.test/storage/uploads/b51d8e3e-0585-4396-ac2d-54549130031d/1920x1080.png\", \"deleteUrl\": null, \"metadatas\": {\"custom\": {\"video\": null, \"altText\": null, \"caption\": null}, \"default\": {\"video\": null, \"altText\": \"1920x1080\", \"caption\": null}}, \"thumbnail\": \"https://example-app.test/storage/uploads/b51d8e3e-0585-4396-ac2d-54549130031d/1920x1080.png\", \"updateUrl\": \"https://example-app.test/admin/media-library/medias/single-update\", \"deleteBulkUrl\": \"https://example-app.test/admin/media-library/medias/bulk-delete\", \"updateBulkUrl\": \"https://example-app.test/admin/media-library/medias/bulk-update\"}]}, \"public\": false, \"browsers\": [], \"languages\": [{\"label\": \"English\", \"value\": \"en\", \"disabled\": false, \"published\": 1, \"shortlabel\": \"EN\"}, {\"label\": \"Chinese\", \"value\": \"zh\", \"disabled\": false, \"published\": 1, \"shortlabel\": \"ZH\"}], \"parent_id\": 0, \"published\": true, \"repeaters\": [], \"cmsSaveType\": \"update\", \"description\": {\"en\": \"Home Description\", \"zh\": \"主页描述\"}, \"publish_end_date\": null, \"publish_start_date\": null}'),(20,2,1,'2023-12-06 00:54:54','2023-12-06 00:54:54','{\"slug\": {\"en\": \"about\", \"zh\": null}, \"title\": {\"en\": \"About\", \"zh\": null}, \"blocks\": [{\"id\": 3, \"type\": \"a17-block-text\", \"blocks\": [], \"medias\": [], \"content\": {\"text\": {\"en\": \"<p>About Text</p>\", \"zh\": \"<p>关于内容</p>\"}, \"title\": {\"en\": \"About Title\", \"zh\": \"关于标题\"}}, \"browsers\": [], \"editor_name\": \"default\", \"is_repeater\": false}], \"medias\": [], \"public\": false, \"browsers\": [], \"languages\": [{\"label\": \"English\", \"value\": \"en\", \"disabled\": false, \"published\": 1, \"shortlabel\": \"EN\"}, {\"label\": \"Chinese\", \"value\": \"zh\", \"disabled\": false, \"published\": false, \"shortlabel\": \"ZH\"}], \"parent_id\": 0, \"published\": true, \"repeaters\": [], \"cmsSaveType\": \"update\", \"description\": {\"en\": \"About Description\", \"zh\": \"关于描述\"}, \"publish_end_date\": null, \"publish_start_date\": null}'),(21,2,1,'2023-12-06 00:55:07','2023-12-06 00:55:07','{\"slug\": {\"en\": \"about\", \"zh\": \"about\"}, \"title\": {\"en\": \"About\", \"zh\": \"关于\"}, \"blocks\": [{\"id\": 3, \"type\": \"a17-block-text\", \"blocks\": [], \"medias\": [], \"content\": {\"text\": {\"en\": \"<p>About Text</p>\", \"zh\": \"<p>关于内容</p>\"}, \"title\": {\"en\": \"About Title\", \"zh\": \"关于标题\"}}, \"browsers\": [], \"editor_name\": \"default\", \"is_repeater\": false}], \"medias\": [], \"public\": false, \"browsers\": [], \"languages\": [{\"label\": \"English\", \"value\": \"en\", \"disabled\": false, \"published\": true, \"shortlabel\": \"EN\"}, {\"label\": \"Chinese\", \"value\": \"zh\", \"disabled\": false, \"published\": true, \"shortlabel\": \"ZH\"}], \"parent_id\": 0, \"published\": true, \"repeaters\": [], \"cmsSaveType\": \"update\", \"description\": {\"en\": \"About Description\", \"zh\": \"关于描述\"}, \"publish_end_date\": null, \"publish_start_date\": null}'),(22,2,1,'2023-12-06 00:55:12','2023-12-06 00:55:12','{\"slug\": {\"en\": \"about\", \"zh\": \"about\"}, \"title\": {\"en\": \"About\", \"zh\": \"关于\"}, \"blocks\": [{\"id\": 3, \"type\": \"a17-block-text\", \"blocks\": [], \"medias\": [], \"content\": {\"text\": {\"en\": \"<p>About Text</p>\", \"zh\": \"<p>关于内容</p>\"}, \"title\": {\"en\": \"About Title\", \"zh\": \"关于标题\"}}, \"browsers\": [], \"editor_name\": \"default\", \"is_repeater\": false}], \"medias\": [], \"public\": false, \"browsers\": [], \"languages\": [{\"label\": \"English\", \"value\": \"en\", \"disabled\": false, \"published\": true, \"shortlabel\": \"EN\"}, {\"label\": \"Chinese\", \"value\": \"zh\", \"disabled\": false, \"published\": true, \"shortlabel\": \"ZH\"}], \"parent_id\": 0, \"published\": true, \"repeaters\": [], \"cmsSaveType\": \"update\", \"description\": {\"en\": \"About Description\", \"zh\": \"关于描述\"}, \"publish_end_date\": null, \"publish_start_date\": null}'),(23,3,1,'2023-12-06 00:56:46','2023-12-06 00:56:46','{\"slug\": {\"en\": \"team\", \"zh\": null}, \"title\": {\"en\": \"Team\", \"zh\": null}, \"blocks\": [{\"id\": 4, \"type\": \"a17-block-text\", \"blocks\": [], \"medias\": [], \"content\": {\"text\": {\"en\": \"<p>Team Text</p>\"}, \"title\": {\"en\": \"Team Title\"}}, \"browsers\": [], \"editor_name\": \"default\", \"is_repeater\": false}], \"medias\": [], \"public\": false, \"browsers\": [], \"languages\": [{\"label\": \"English\", \"value\": \"en\", \"disabled\": false, \"published\": true, \"shortlabel\": \"EN\"}, {\"label\": \"Chinese\", \"value\": \"zh\", \"disabled\": false, \"published\": true, \"shortlabel\": \"ZH\"}], \"parent_id\": 0, \"published\": true, \"repeaters\": [], \"cmsSaveType\": \"update\", \"description\": {\"en\": \"Team Description\", \"zh\": null}, \"publish_end_date\": null, \"publish_start_date\": null}'),(24,3,1,'2023-12-06 00:56:59','2023-12-06 00:56:59','{\"slug\": {\"en\": \"team\", \"zh\": \"team\"}, \"title\": {\"en\": \"Team\", \"zh\": \"团队\"}, \"blocks\": [{\"id\": 4, \"type\": \"a17-block-text\", \"blocks\": [], \"medias\": [], \"content\": {\"text\": {\"en\": \"<p>Team Text</p>\"}, \"title\": {\"en\": \"Team Title\"}}, \"browsers\": [], \"editor_name\": \"default\", \"is_repeater\": false}], \"medias\": [], \"public\": false, \"browsers\": [], \"languages\": [{\"label\": \"English\", \"value\": \"en\", \"disabled\": false, \"published\": true, \"shortlabel\": \"EN\"}, {\"label\": \"Chinese\", \"value\": \"zh\", \"disabled\": false, \"published\": true, \"shortlabel\": \"ZH\"}], \"parent_id\": 0, \"published\": true, \"repeaters\": [], \"cmsSaveType\": \"update\", \"description\": {\"en\": \"Team Description\", \"zh\": null}, \"publish_end_date\": null, \"publish_start_date\": null}'),(25,3,1,'2023-12-06 00:57:27','2023-12-06 00:57:27','{\"slug\": {\"en\": \"team\", \"zh\": \"team\"}, \"title\": {\"en\": \"Team\", \"zh\": \"团队\"}, \"blocks\": [{\"id\": 4, \"type\": \"a17-block-text\", \"blocks\": [], \"medias\": [], \"content\": {\"text\": {\"en\": \"<p>Team Text</p>\", \"zh\": \"<p>团队内容</p>\"}, \"title\": {\"en\": \"Team Title\", \"zh\": \"团队标题\"}}, \"browsers\": [], \"editor_name\": \"default\", \"is_repeater\": false}], \"medias\": [], \"public\": false, \"browsers\": [], \"languages\": [{\"label\": \"English\", \"value\": \"en\", \"disabled\": false, \"published\": true, \"shortlabel\": \"EN\"}, {\"label\": \"Chinese\", \"value\": \"zh\", \"disabled\": false, \"published\": true, \"shortlabel\": \"ZH\"}], \"parent_id\": 0, \"published\": true, \"repeaters\": [], \"cmsSaveType\": \"update\", \"description\": {\"en\": \"Team Description\", \"zh\": \"团队描述\"}, \"publish_end_date\": null, \"publish_start_date\": null}'),(26,1,1,'2023-12-06 01:27:20','2023-12-06 01:27:20','{\"slug\": {\"en\": \"home\", \"zh\": \"home\"}, \"title\": {\"en\": \"Home\", \"zh\": \"主页\"}, \"blocks\": [{\"id\": 1, \"type\": \"a17-block-image\", \"blocks\": [], \"medias\": {\"highlight\": [{\"id\": 1, \"name\": \"1920x1080.png\", \"tags\": [], \"crops\": {\"mobile\": {\"x\": 338, \"y\": 0, \"name\": \"mobile\", \"width\": 1080, \"height\": 1080}, \"desktop\": {\"x\": 0, \"y\": 0, \"name\": \"desktop\", \"width\": 1920, \"height\": 1080}}, \"width\": 1920, \"height\": 1080, \"medium\": \"https://example-app.test/storage/uploads/b51d8e3e-0585-4396-ac2d-54549130031d/1920x1080.png\", \"original\": \"https://example-app.test/storage/uploads/b51d8e3e-0585-4396-ac2d-54549130031d/1920x1080.png\", \"deleteUrl\": null, \"metadatas\": {\"custom\": {\"video\": null, \"altText\": null, \"caption\": null}, \"default\": {\"video\": null, \"altText\": \"1920x1080\", \"caption\": null}}, \"thumbnail\": \"https://example-app.test/storage/uploads/b51d8e3e-0585-4396-ac2d-54549130031d/1920x1080.png\", \"updateUrl\": \"https://example-app.test/admin/media-library/medias/single-update\", \"deleteBulkUrl\": \"https://example-app.test/admin/media-library/medias/bulk-delete\", \"updateBulkUrl\": \"https://example-app.test/admin/media-library/medias/bulk-update\"}]}, \"content\": [], \"browsers\": [], \"editor_name\": \"default\", \"is_repeater\": false}, {\"id\": 2, \"type\": \"a17-block-text\", \"blocks\": [], \"medias\": [], \"content\": {\"text\": {\"en\": \"<p>Home Text</p>\", \"zh\": \"<p>主页内容</p>\"}, \"title\": {\"en\": \"Home Title\", \"zh\": \"主页标题\"}}, \"browsers\": [], \"editor_name\": \"default\", \"is_repeater\": false}, {\"id\": 1701826038309, \"type\": \"a17-block-app-featuredprojects\", \"blocks\": [], \"medias\": [], \"content\": [], \"browsers\": [], \"editor_name\": \"default\", \"is_repeater\": false}], \"medias\": {\"cover\": [{\"id\": 1, \"name\": \"1920x1080.png\", \"tags\": [], \"crops\": {\"mobile\": {\"x\": 0, \"y\": 0, \"name\": \"landscape\", \"width\": 1920, \"height\": 1080}, \"default\": {\"x\": 0, \"y\": 0, \"name\": \"default\", \"width\": 1920, \"height\": 1080}}, \"width\": 1920, \"height\": 1080, \"medium\": \"https://example-app.test/storage/uploads/b51d8e3e-0585-4396-ac2d-54549130031d/1920x1080.png\", \"original\": \"https://example-app.test/storage/uploads/b51d8e3e-0585-4396-ac2d-54549130031d/1920x1080.png\", \"deleteUrl\": null, \"metadatas\": {\"custom\": {\"video\": null, \"altText\": null, \"caption\": null}, \"default\": {\"video\": null, \"altText\": \"1920x1080\", \"caption\": null}}, \"thumbnail\": \"https://example-app.test/storage/uploads/b51d8e3e-0585-4396-ac2d-54549130031d/1920x1080.png\", \"updateUrl\": \"https://example-app.test/admin/media-library/medias/single-update\", \"deleteBulkUrl\": \"https://example-app.test/admin/media-library/medias/bulk-delete\", \"updateBulkUrl\": \"https://example-app.test/admin/media-library/medias/bulk-update\"}]}, \"public\": false, \"browsers\": [], \"languages\": [{\"label\": \"English\", \"value\": \"en\", \"disabled\": false, \"published\": 1, \"shortlabel\": \"EN\"}, {\"label\": \"Chinese\", \"value\": \"zh\", \"disabled\": false, \"published\": 1, \"shortlabel\": \"ZH\"}], \"parent_id\": 0, \"published\": true, \"repeaters\": [], \"cmsSaveType\": \"update\", \"description\": {\"en\": \"Home Description\", \"zh\": \"主页描述\"}, \"publish_end_date\": null, \"publish_start_date\": null}'),(27,1,1,'2023-12-06 01:30:59','2023-12-06 01:30:59','{\"slug\": {\"en\": \"home\", \"zh\": \"home\"}, \"title\": {\"en\": \"Home\", \"zh\": \"主页\"}, \"blocks\": [{\"id\": 1, \"type\": \"a17-block-image\", \"blocks\": [], \"medias\": {\"highlight\": [{\"id\": 1, \"name\": \"1920x1080.png\", \"tags\": [], \"crops\": {\"mobile\": {\"x\": 338, \"y\": 0, \"name\": \"mobile\", \"width\": 1080, \"height\": 1080}, \"desktop\": {\"x\": 0, \"y\": 0, \"name\": \"desktop\", \"width\": 1920, \"height\": 1080}}, \"width\": 1920, \"height\": 1080, \"medium\": \"https://example-app.test/storage/uploads/b51d8e3e-0585-4396-ac2d-54549130031d/1920x1080.png\", \"original\": \"https://example-app.test/storage/uploads/b51d8e3e-0585-4396-ac2d-54549130031d/1920x1080.png\", \"deleteUrl\": null, \"metadatas\": {\"custom\": {\"video\": null, \"altText\": null, \"caption\": null}, \"default\": {\"video\": null, \"altText\": \"1920x1080\", \"caption\": null}}, \"thumbnail\": \"https://example-app.test/storage/uploads/b51d8e3e-0585-4396-ac2d-54549130031d/1920x1080.png\", \"updateUrl\": \"https://example-app.test/admin/media-library/medias/single-update\", \"deleteBulkUrl\": \"https://example-app.test/admin/media-library/medias/bulk-delete\", \"updateBulkUrl\": \"https://example-app.test/admin/media-library/medias/bulk-update\"}]}, \"content\": [], \"browsers\": [], \"editor_name\": \"default\", \"is_repeater\": false}, {\"id\": 2, \"type\": \"a17-block-text\", \"blocks\": [], \"medias\": [], \"content\": {\"text\": {\"en\": \"<p>Home Text</p>\", \"zh\": \"<p>主页内容</p>\"}, \"title\": {\"en\": \"Home Title\", \"zh\": \"主页标题\"}}, \"browsers\": [], \"editor_name\": \"default\", \"is_repeater\": false}, {\"id\": 6, \"type\": \"a17-block-app-featuredprojects\", \"blocks\": [], \"medias\": [], \"content\": {\"text\": \"<p>Our latest projects.</p>\", \"title\": \"Our Projects\"}, \"browsers\": {\"projects\": [{\"id\": 1, \"edit\": \"https://example-app.test/admin/projects/1/edit\", \"name\": \"Project Alpha\", \"thumbnail\": \"data:image/gif;base64,R0lGODlhAQABAIAAAAAAAP///yH5BAEAAAAALAAAAAABAAEAAAIBRAA7\", \"endpointType\": \"App\\\\Models\\\\Project\", \"repeaterFields\": []}, {\"id\": 2, \"edit\": \"https://example-app.test/admin/projects/2/edit\", \"name\": \"Project Bravo\", \"thumbnail\": \"data:image/gif;base64,R0lGODlhAQABAIAAAAAAAP///yH5BAEAAAAALAAAAAABAAEAAAIBRAA7\", \"endpointType\": \"App\\\\Models\\\\Project\", \"repeaterFields\": []}, {\"id\": 3, \"edit\": \"https://example-app.test/admin/projects/3/edit\", \"name\": \"Project Charlie\", \"thumbnail\": \"data:image/gif;base64,R0lGODlhAQABAIAAAAAAAP///yH5BAEAAAAALAAAAAABAAEAAAIBRAA7\", \"endpointType\": \"App\\\\Models\\\\Project\", \"repeaterFields\": []}, {\"id\": 4, \"edit\": \"https://example-app.test/admin/projects/4/edit\", \"name\": \"Project Delta\", \"thumbnail\": \"data:image/gif;base64,R0lGODlhAQABAIAAAAAAAP///yH5BAEAAAAALAAAAAABAAEAAAIBRAA7\", \"endpointType\": \"App\\\\Models\\\\Project\", \"repeaterFields\": []}]}, \"editor_name\": \"default\", \"is_repeater\": false}], \"medias\": {\"cover\": [{\"id\": 1, \"name\": \"1920x1080.png\", \"tags\": [], \"crops\": {\"mobile\": {\"x\": 0, \"y\": 0, \"name\": \"landscape\", \"width\": 1920, \"height\": 1080}, \"default\": {\"x\": 0, \"y\": 0, \"name\": \"default\", \"width\": 1920, \"height\": 1080}}, \"width\": 1920, \"height\": 1080, \"medium\": \"https://example-app.test/storage/uploads/b51d8e3e-0585-4396-ac2d-54549130031d/1920x1080.png\", \"original\": \"https://example-app.test/storage/uploads/b51d8e3e-0585-4396-ac2d-54549130031d/1920x1080.png\", \"deleteUrl\": null, \"metadatas\": {\"custom\": {\"video\": null, \"altText\": null, \"caption\": null}, \"default\": {\"video\": null, \"altText\": \"1920x1080\", \"caption\": null}}, \"thumbnail\": \"https://example-app.test/storage/uploads/b51d8e3e-0585-4396-ac2d-54549130031d/1920x1080.png\", \"updateUrl\": \"https://example-app.test/admin/media-library/medias/single-update\", \"deleteBulkUrl\": \"https://example-app.test/admin/media-library/medias/bulk-delete\", \"updateBulkUrl\": \"https://example-app.test/admin/media-library/medias/bulk-update\"}]}, \"public\": false, \"browsers\": [], \"languages\": [{\"label\": \"English\", \"value\": \"en\", \"disabled\": false, \"published\": 1, \"shortlabel\": \"EN\"}, {\"label\": \"Chinese\", \"value\": \"zh\", \"disabled\": false, \"published\": 1, \"shortlabel\": \"ZH\"}], \"parent_id\": 0, \"published\": true, \"repeaters\": [], \"cmsSaveType\": \"update\", \"description\": {\"en\": \"Home Description\", \"zh\": \"主页描述\"}, \"publish_end_date\": null, \"publish_start_date\": null}'),(28,1,1,'2023-12-06 01:32:36','2023-12-06 01:32:36','{\"slug\": {\"en\": \"home\", \"zh\": \"home\"}, \"title\": {\"en\": \"Home\", \"zh\": \"主页\"}, \"blocks\": [{\"id\": 1, \"type\": \"a17-block-image\", \"blocks\": [], \"medias\": {\"highlight\": [{\"id\": 1, \"name\": \"1920x1080.png\", \"tags\": [], \"crops\": {\"mobile\": {\"x\": 338, \"y\": 0, \"name\": \"mobile\", \"width\": 1080, \"height\": 1080}, \"desktop\": {\"x\": 0, \"y\": 0, \"name\": \"desktop\", \"width\": 1920, \"height\": 1080}}, \"width\": 1920, \"height\": 1080, \"medium\": \"https://example-app.test/storage/uploads/b51d8e3e-0585-4396-ac2d-54549130031d/1920x1080.png\", \"original\": \"https://example-app.test/storage/uploads/b51d8e3e-0585-4396-ac2d-54549130031d/1920x1080.png\", \"deleteUrl\": null, \"metadatas\": {\"custom\": {\"video\": null, \"altText\": null, \"caption\": null}, \"default\": {\"video\": null, \"altText\": \"1920x1080\", \"caption\": null}}, \"thumbnail\": \"https://example-app.test/storage/uploads/b51d8e3e-0585-4396-ac2d-54549130031d/1920x1080.png\", \"updateUrl\": \"https://example-app.test/admin/media-library/medias/single-update\", \"deleteBulkUrl\": \"https://example-app.test/admin/media-library/medias/bulk-delete\", \"updateBulkUrl\": \"https://example-app.test/admin/media-library/medias/bulk-update\"}]}, \"content\": [], \"browsers\": [], \"editor_name\": \"default\", \"is_repeater\": false}, {\"id\": 2, \"type\": \"a17-block-text\", \"blocks\": [], \"medias\": [], \"content\": {\"text\": {\"en\": \"<p>Home Text</p>\", \"zh\": \"<p>主页内容</p>\"}, \"title\": {\"en\": \"Home Title\", \"zh\": \"主页标题\"}}, \"browsers\": [], \"editor_name\": \"default\", \"is_repeater\": false}, {\"id\": 6, \"type\": \"a17-block-app-featuredprojects\", \"blocks\": [], \"medias\": [], \"content\": {\"text\": \"<p>我们的最新项目。</p>\", \"title\": \"我们的项目\"}, \"browsers\": {\"projects\": [{\"id\": 1, \"edit\": \"https://example-app.test/admin/projects/1/edit\", \"name\": \"Project Alpha\", \"thumbnail\": \"data:image/gif;base64,R0lGODlhAQABAIAAAAAAAP///yH5BAEAAAAALAAAAAABAAEAAAIBRAA7\", \"endpointType\": \"App\\\\Models\\\\Project\"}, {\"id\": 2, \"edit\": \"https://example-app.test/admin/projects/2/edit\", \"name\": \"Project Bravo\", \"thumbnail\": \"data:image/gif;base64,R0lGODlhAQABAIAAAAAAAP///yH5BAEAAAAALAAAAAABAAEAAAIBRAA7\", \"endpointType\": \"App\\\\Models\\\\Project\"}, {\"id\": 3, \"edit\": \"https://example-app.test/admin/projects/3/edit\", \"name\": \"Project Charlie\", \"thumbnail\": \"data:image/gif;base64,R0lGODlhAQABAIAAAAAAAP///yH5BAEAAAAALAAAAAABAAEAAAIBRAA7\", \"endpointType\": \"App\\\\Models\\\\Project\"}, {\"id\": 4, \"edit\": \"https://example-app.test/admin/projects/4/edit\", \"name\": \"Project Delta\", \"thumbnail\": \"data:image/gif;base64,R0lGODlhAQABAIAAAAAAAP///yH5BAEAAAAALAAAAAABAAEAAAIBRAA7\", \"endpointType\": \"App\\\\Models\\\\Project\"}]}, \"editor_name\": \"default\", \"is_repeater\": false}], \"medias\": {\"cover\": [{\"id\": 1, \"name\": \"1920x1080.png\", \"tags\": [], \"crops\": {\"mobile\": {\"x\": 0, \"y\": 0, \"name\": \"landscape\", \"width\": 1920, \"height\": 1080}, \"default\": {\"x\": 0, \"y\": 0, \"name\": \"default\", \"width\": 1920, \"height\": 1080}}, \"width\": 1920, \"height\": 1080, \"medium\": \"https://example-app.test/storage/uploads/b51d8e3e-0585-4396-ac2d-54549130031d/1920x1080.png\", \"original\": \"https://example-app.test/storage/uploads/b51d8e3e-0585-4396-ac2d-54549130031d/1920x1080.png\", \"deleteUrl\": null, \"metadatas\": {\"custom\": {\"video\": null, \"altText\": null, \"caption\": null}, \"default\": {\"video\": null, \"altText\": \"1920x1080\", \"caption\": null}}, \"thumbnail\": \"https://example-app.test/storage/uploads/b51d8e3e-0585-4396-ac2d-54549130031d/1920x1080.png\", \"updateUrl\": \"https://example-app.test/admin/media-library/medias/single-update\", \"deleteBulkUrl\": \"https://example-app.test/admin/media-library/medias/bulk-delete\", \"updateBulkUrl\": \"https://example-app.test/admin/media-library/medias/bulk-update\"}]}, \"public\": false, \"browsers\": [], \"languages\": [{\"label\": \"English\", \"value\": \"en\", \"disabled\": false, \"published\": 1, \"shortlabel\": \"EN\"}, {\"label\": \"Chinese\", \"value\": \"zh\", \"disabled\": false, \"published\": 1, \"shortlabel\": \"ZH\"}], \"parent_id\": 0, \"published\": true, \"repeaters\": [], \"cmsSaveType\": \"update\", \"description\": {\"en\": \"Home Description\", \"zh\": \"主页描述\"}, \"publish_end_date\": null, \"publish_start_date\": null}'),(29,1,1,'2023-12-06 01:49:36','2023-12-06 01:49:36','{\"slug\": {\"en\": \"home\", \"zh\": \"home\"}, \"title\": {\"en\": \"Home\", \"zh\": \"主页\"}, \"blocks\": [{\"id\": 1, \"type\": \"a17-block-image\", \"blocks\": [], \"medias\": {\"highlight\": [{\"id\": 1, \"name\": \"1920x1080.png\", \"tags\": [], \"crops\": {\"mobile\": {\"x\": 338, \"y\": 0, \"name\": \"mobile\", \"width\": 1080, \"height\": 1080}, \"desktop\": {\"x\": 0, \"y\": 0, \"name\": \"desktop\", \"width\": 1920, \"height\": 1080}}, \"width\": 1920, \"height\": 1080, \"medium\": \"https://example-app.test/storage/uploads/b51d8e3e-0585-4396-ac2d-54549130031d/1920x1080.png\", \"original\": \"https://example-app.test/storage/uploads/b51d8e3e-0585-4396-ac2d-54549130031d/1920x1080.png\", \"deleteUrl\": null, \"metadatas\": {\"custom\": {\"video\": null, \"altText\": null, \"caption\": null}, \"default\": {\"video\": null, \"altText\": \"1920x1080\", \"caption\": null}}, \"thumbnail\": \"https://example-app.test/storage/uploads/b51d8e3e-0585-4396-ac2d-54549130031d/1920x1080.png\", \"updateUrl\": \"https://example-app.test/admin/media-library/medias/single-update\", \"deleteBulkUrl\": \"https://example-app.test/admin/media-library/medias/bulk-delete\", \"updateBulkUrl\": \"https://example-app.test/admin/media-library/medias/bulk-update\"}]}, \"content\": [], \"browsers\": [], \"editor_name\": \"default\", \"is_repeater\": false}, {\"id\": 2, \"type\": \"a17-block-text\", \"blocks\": [], \"medias\": [], \"content\": {\"text\": {\"en\": \"<p>Home Text</p>\", \"zh\": \"<p>主页内容</p>\"}, \"title\": {\"en\": \"Home Title\", \"zh\": \"主页标题\"}}, \"browsers\": [], \"editor_name\": \"default\", \"is_repeater\": false}, {\"id\": 6, \"type\": \"a17-block-app-featuredprojects\", \"blocks\": [], \"medias\": [], \"content\": {\"text\": {\"zh\": \"<p>我们的最新项目。</p>\"}, \"title\": {\"en\": \"Our Projects\", \"zh\": \"我们的项目\"}}, \"browsers\": {\"projects\": [{\"id\": 1, \"edit\": \"https://example-app.test/admin/projects/1/edit\", \"name\": \"Project Alpha\", \"thumbnail\": \"data:image/gif;base64,R0lGODlhAQABAIAAAAAAAP///yH5BAEAAAAALAAAAAABAAEAAAIBRAA7\", \"endpointType\": \"App\\\\Models\\\\Project\"}, {\"id\": 2, \"edit\": \"https://example-app.test/admin/projects/2/edit\", \"name\": \"Project Bravo\", \"thumbnail\": \"data:image/gif;base64,R0lGODlhAQABAIAAAAAAAP///yH5BAEAAAAALAAAAAABAAEAAAIBRAA7\", \"endpointType\": \"App\\\\Models\\\\Project\"}, {\"id\": 3, \"edit\": \"https://example-app.test/admin/projects/3/edit\", \"name\": \"Project Charlie\", \"thumbnail\": \"data:image/gif;base64,R0lGODlhAQABAIAAAAAAAP///yH5BAEAAAAALAAAAAABAAEAAAIBRAA7\", \"endpointType\": \"App\\\\Models\\\\Project\"}, {\"id\": 4, \"edit\": \"https://example-app.test/admin/projects/4/edit\", \"name\": \"Project Delta\", \"thumbnail\": \"data:image/gif;base64,R0lGODlhAQABAIAAAAAAAP///yH5BAEAAAAALAAAAAABAAEAAAIBRAA7\", \"endpointType\": \"App\\\\Models\\\\Project\"}]}, \"editor_name\": \"default\", \"is_repeater\": false}], \"medias\": {\"cover\": [{\"id\": 1, \"name\": \"1920x1080.png\", \"tags\": [], \"crops\": {\"mobile\": {\"x\": 0, \"y\": 0, \"name\": \"landscape\", \"width\": 1920, \"height\": 1080}, \"default\": {\"x\": 0, \"y\": 0, \"name\": \"default\", \"width\": 1920, \"height\": 1080}}, \"width\": 1920, \"height\": 1080, \"medium\": \"https://example-app.test/storage/uploads/b51d8e3e-0585-4396-ac2d-54549130031d/1920x1080.png\", \"original\": \"https://example-app.test/storage/uploads/b51d8e3e-0585-4396-ac2d-54549130031d/1920x1080.png\", \"deleteUrl\": null, \"metadatas\": {\"custom\": {\"video\": null, \"altText\": null, \"caption\": null}, \"default\": {\"video\": null, \"altText\": \"1920x1080\", \"caption\": null}}, \"thumbnail\": \"https://example-app.test/storage/uploads/b51d8e3e-0585-4396-ac2d-54549130031d/1920x1080.png\", \"updateUrl\": \"https://example-app.test/admin/media-library/medias/single-update\", \"deleteBulkUrl\": \"https://example-app.test/admin/media-library/medias/bulk-delete\", \"updateBulkUrl\": \"https://example-app.test/admin/media-library/medias/bulk-update\"}]}, \"public\": false, \"browsers\": [], \"languages\": [{\"label\": \"English\", \"value\": \"en\", \"disabled\": false, \"published\": 1, \"shortlabel\": \"EN\"}, {\"label\": \"Chinese\", \"value\": \"zh\", \"disabled\": false, \"published\": 1, \"shortlabel\": \"ZH\"}], \"parent_id\": 0, \"published\": true, \"repeaters\": [], \"cmsSaveType\": \"update\", \"description\": {\"en\": \"Home Description\", \"zh\": \"主页描述\"}, \"publish_end_date\": null, \"publish_start_date\": null}'),(30,1,1,'2023-12-06 01:50:39','2023-12-06 01:50:39','{\"slug\": {\"en\": \"home\", \"zh\": \"home\"}, \"title\": {\"en\": \"Home\", \"zh\": \"主页\"}, \"blocks\": [{\"id\": 1, \"type\": \"a17-block-image\", \"blocks\": [], \"medias\": {\"highlight\": [{\"id\": 1, \"name\": \"1920x1080.png\", \"tags\": [], \"crops\": {\"mobile\": {\"x\": 338, \"y\": 0, \"name\": \"mobile\", \"width\": 1080, \"height\": 1080}, \"desktop\": {\"x\": 0, \"y\": 0, \"name\": \"desktop\", \"width\": 1920, \"height\": 1080}}, \"width\": 1920, \"height\": 1080, \"medium\": \"https://example-app.test/storage/uploads/b51d8e3e-0585-4396-ac2d-54549130031d/1920x1080.png\", \"original\": \"https://example-app.test/storage/uploads/b51d8e3e-0585-4396-ac2d-54549130031d/1920x1080.png\", \"deleteUrl\": null, \"metadatas\": {\"custom\": {\"video\": null, \"altText\": null, \"caption\": null}, \"default\": {\"video\": null, \"altText\": \"1920x1080\", \"caption\": null}}, \"thumbnail\": \"https://example-app.test/storage/uploads/b51d8e3e-0585-4396-ac2d-54549130031d/1920x1080.png\", \"updateUrl\": \"https://example-app.test/admin/media-library/medias/single-update\", \"deleteBulkUrl\": \"https://example-app.test/admin/media-library/medias/bulk-delete\", \"updateBulkUrl\": \"https://example-app.test/admin/media-library/medias/bulk-update\"}]}, \"content\": [], \"browsers\": [], \"editor_name\": \"default\", \"is_repeater\": false}, {\"id\": 2, \"type\": \"a17-block-text\", \"blocks\": [], \"medias\": [], \"content\": {\"text\": {\"en\": \"<p>Home Text</p>\", \"zh\": \"<p>主页内容</p>\"}, \"title\": {\"en\": \"Home Title\", \"zh\": \"主页标题\"}}, \"browsers\": [], \"editor_name\": \"default\", \"is_repeater\": false}, {\"id\": 6, \"type\": \"a17-block-app-featuredprojects\", \"blocks\": [], \"medias\": [], \"content\": {\"text\": {\"zh\": \"<p>我们的最新项目。</p>\"}, \"title\": {\"en\": \"Our Projects\", \"zh\": \"我们的项目\"}}, \"browsers\": {\"projects\": [{\"id\": 2, \"edit\": \"https://example-app.test/admin/projects/2/edit\", \"name\": \"Project Bravo\", \"thumbnail\": \"data:image/gif;base64,R0lGODlhAQABAIAAAAAAAP///yH5BAEAAAAALAAAAAABAAEAAAIBRAA7\", \"endpointType\": \"App\\\\Models\\\\Project\"}, {\"id\": 1, \"edit\": \"https://example-app.test/admin/projects/1/edit\", \"name\": \"Project Alpha\", \"thumbnail\": \"data:image/gif;base64,R0lGODlhAQABAIAAAAAAAP///yH5BAEAAAAALAAAAAABAAEAAAIBRAA7\", \"endpointType\": \"App\\\\Models\\\\Project\"}, {\"id\": 4, \"edit\": \"https://example-app.test/admin/projects/4/edit\", \"name\": \"Project Delta\", \"thumbnail\": \"data:image/gif;base64,R0lGODlhAQABAIAAAAAAAP///yH5BAEAAAAALAAAAAABAAEAAAIBRAA7\", \"endpointType\": \"App\\\\Models\\\\Project\"}, {\"id\": 3, \"edit\": \"https://example-app.test/admin/projects/3/edit\", \"name\": \"Project Charlie\", \"thumbnail\": \"data:image/gif;base64,R0lGODlhAQABAIAAAAAAAP///yH5BAEAAAAALAAAAAABAAEAAAIBRAA7\", \"endpointType\": \"App\\\\Models\\\\Project\"}]}, \"editor_name\": \"default\", \"is_repeater\": false}], \"medias\": {\"cover\": [{\"id\": 1, \"name\": \"1920x1080.png\", \"tags\": [], \"crops\": {\"mobile\": {\"x\": 0, \"y\": 0, \"name\": \"landscape\", \"width\": 1920, \"height\": 1080}, \"default\": {\"x\": 0, \"y\": 0, \"name\": \"default\", \"width\": 1920, \"height\": 1080}}, \"width\": 1920, \"height\": 1080, \"medium\": \"https://example-app.test/storage/uploads/b51d8e3e-0585-4396-ac2d-54549130031d/1920x1080.png\", \"original\": \"https://example-app.test/storage/uploads/b51d8e3e-0585-4396-ac2d-54549130031d/1920x1080.png\", \"deleteUrl\": null, \"metadatas\": {\"custom\": {\"video\": null, \"altText\": null, \"caption\": null}, \"default\": {\"video\": null, \"altText\": \"1920x1080\", \"caption\": null}}, \"thumbnail\": \"https://example-app.test/storage/uploads/b51d8e3e-0585-4396-ac2d-54549130031d/1920x1080.png\", \"updateUrl\": \"https://example-app.test/admin/media-library/medias/single-update\", \"deleteBulkUrl\": \"https://example-app.test/admin/media-library/medias/bulk-delete\", \"updateBulkUrl\": \"https://example-app.test/admin/media-library/medias/bulk-update\"}]}, \"public\": false, \"browsers\": [], \"languages\": [{\"label\": \"English\", \"value\": \"en\", \"disabled\": false, \"published\": 1, \"shortlabel\": \"EN\"}, {\"label\": \"Chinese\", \"value\": \"zh\", \"disabled\": false, \"published\": 1, \"shortlabel\": \"ZH\"}], \"parent_id\": 0, \"published\": true, \"repeaters\": [], \"cmsSaveType\": \"update\", \"description\": {\"en\": \"Home Description\", \"zh\": \"主页描述\"}, \"publish_end_date\": null, \"publish_start_date\": null}'),(31,1,1,'2023-12-06 01:50:53','2023-12-06 01:50:53','{\"slug\": {\"en\": \"home\", \"zh\": \"home\"}, \"title\": {\"en\": \"Home\", \"zh\": \"主页\"}, \"blocks\": [{\"id\": 1, \"type\": \"a17-block-image\", \"blocks\": [], \"medias\": {\"highlight\": [{\"id\": 1, \"name\": \"1920x1080.png\", \"tags\": [], \"crops\": {\"mobile\": {\"x\": 338, \"y\": 0, \"name\": \"mobile\", \"width\": 1080, \"height\": 1080}, \"desktop\": {\"x\": 0, \"y\": 0, \"name\": \"desktop\", \"width\": 1920, \"height\": 1080}}, \"width\": 1920, \"height\": 1080, \"medium\": \"https://example-app.test/storage/uploads/b51d8e3e-0585-4396-ac2d-54549130031d/1920x1080.png\", \"original\": \"https://example-app.test/storage/uploads/b51d8e3e-0585-4396-ac2d-54549130031d/1920x1080.png\", \"deleteUrl\": null, \"metadatas\": {\"custom\": {\"video\": null, \"altText\": null, \"caption\": null}, \"default\": {\"video\": null, \"altText\": \"1920x1080\", \"caption\": null}}, \"thumbnail\": \"https://example-app.test/storage/uploads/b51d8e3e-0585-4396-ac2d-54549130031d/1920x1080.png\", \"updateUrl\": \"https://example-app.test/admin/media-library/medias/single-update\", \"deleteBulkUrl\": \"https://example-app.test/admin/media-library/medias/bulk-delete\", \"updateBulkUrl\": \"https://example-app.test/admin/media-library/medias/bulk-update\"}]}, \"content\": [], \"browsers\": [], \"editor_name\": \"default\", \"is_repeater\": false}, {\"id\": 2, \"type\": \"a17-block-text\", \"blocks\": [], \"medias\": [], \"content\": {\"text\": {\"en\": \"<p>Home Text</p>\", \"zh\": \"<p>主页内容</p>\"}, \"title\": {\"en\": \"Home Title\", \"zh\": \"主页标题\"}}, \"browsers\": [], \"editor_name\": \"default\", \"is_repeater\": false}, {\"id\": 6, \"type\": \"a17-block-app-featuredprojects\", \"blocks\": [], \"medias\": [], \"content\": {\"text\": {\"en\": \"<p>Our latest projects.</p>\", \"zh\": \"<p>我们的最新项目。</p>\"}, \"title\": {\"en\": \"Our Projects\", \"zh\": \"我们的项目\"}}, \"browsers\": {\"projects\": [{\"id\": 2, \"edit\": \"https://example-app.test/admin/projects/2/edit\", \"name\": \"Project Bravo\", \"thumbnail\": \"data:image/gif;base64,R0lGODlhAQABAIAAAAAAAP///yH5BAEAAAAALAAAAAABAAEAAAIBRAA7\", \"endpointType\": \"App\\\\Models\\\\Project\"}, {\"id\": 1, \"edit\": \"https://example-app.test/admin/projects/1/edit\", \"name\": \"Project Alpha\", \"thumbnail\": \"data:image/gif;base64,R0lGODlhAQABAIAAAAAAAP///yH5BAEAAAAALAAAAAABAAEAAAIBRAA7\", \"endpointType\": \"App\\\\Models\\\\Project\"}, {\"id\": 4, \"edit\": \"https://example-app.test/admin/projects/4/edit\", \"name\": \"Project Delta\", \"thumbnail\": \"data:image/gif;base64,R0lGODlhAQABAIAAAAAAAP///yH5BAEAAAAALAAAAAABAAEAAAIBRAA7\", \"endpointType\": \"App\\\\Models\\\\Project\"}, {\"id\": 3, \"edit\": \"https://example-app.test/admin/projects/3/edit\", \"name\": \"Project Charlie\", \"thumbnail\": \"data:image/gif;base64,R0lGODlhAQABAIAAAAAAAP///yH5BAEAAAAALAAAAAABAAEAAAIBRAA7\", \"endpointType\": \"App\\\\Models\\\\Project\"}]}, \"editor_name\": \"default\", \"is_repeater\": false}], \"medias\": {\"cover\": [{\"id\": 1, \"name\": \"1920x1080.png\", \"tags\": [], \"crops\": {\"mobile\": {\"x\": 0, \"y\": 0, \"name\": \"landscape\", \"width\": 1920, \"height\": 1080}, \"default\": {\"x\": 0, \"y\": 0, \"name\": \"default\", \"width\": 1920, \"height\": 1080}}, \"width\": 1920, \"height\": 1080, \"medium\": \"https://example-app.test/storage/uploads/b51d8e3e-0585-4396-ac2d-54549130031d/1920x1080.png\", \"original\": \"https://example-app.test/storage/uploads/b51d8e3e-0585-4396-ac2d-54549130031d/1920x1080.png\", \"deleteUrl\": null, \"metadatas\": {\"custom\": {\"video\": null, \"altText\": null, \"caption\": null}, \"default\": {\"video\": null, \"altText\": \"1920x1080\", \"caption\": null}}, \"thumbnail\": \"https://example-app.test/storage/uploads/b51d8e3e-0585-4396-ac2d-54549130031d/1920x1080.png\", \"updateUrl\": \"https://example-app.test/admin/media-library/medias/single-update\", \"deleteBulkUrl\": \"https://example-app.test/admin/media-library/medias/bulk-delete\", \"updateBulkUrl\": \"https://example-app.test/admin/media-library/medias/bulk-update\"}]}, \"public\": false, \"browsers\": [], \"languages\": [{\"label\": \"English\", \"value\": \"en\", \"disabled\": false, \"published\": 1, \"shortlabel\": \"EN\"}, {\"label\": \"Chinese\", \"value\": \"zh\", \"disabled\": false, \"published\": 1, \"shortlabel\": \"ZH\"}], \"parent_id\": 0, \"published\": true, \"repeaters\": [], \"cmsSaveType\": \"update\", \"description\": {\"en\": \"Home Description\", \"zh\": \"主页描述\"}, \"publish_end_date\": null, \"publish_start_date\": null}'),(32,1,1,'2023-12-06 02:03:18','2023-12-06 02:03:18','{\"slug\": {\"en\": \"home\", \"zh\": \"home\"}, \"title\": {\"en\": \"Home\", \"zh\": \"主页\"}, \"blocks\": [{\"id\": 1, \"type\": \"a17-block-image\", \"blocks\": [], \"medias\": {\"highlight\": [{\"id\": 1, \"name\": \"1920x1080.png\", \"tags\": [], \"crops\": {\"mobile\": {\"x\": 338, \"y\": 0, \"name\": \"mobile\", \"width\": 1080, \"height\": 1080}, \"desktop\": {\"x\": 0, \"y\": 0, \"name\": \"desktop\", \"width\": 1920, \"height\": 1080}}, \"width\": 1920, \"height\": 1080, \"medium\": \"https://example-app.test/storage/uploads/b51d8e3e-0585-4396-ac2d-54549130031d/1920x1080.png\", \"original\": \"https://example-app.test/storage/uploads/b51d8e3e-0585-4396-ac2d-54549130031d/1920x1080.png\", \"deleteUrl\": null, \"metadatas\": {\"custom\": {\"video\": null, \"altText\": null, \"caption\": null}, \"default\": {\"video\": null, \"altText\": \"1920x1080\", \"caption\": null}}, \"thumbnail\": \"https://example-app.test/storage/uploads/b51d8e3e-0585-4396-ac2d-54549130031d/1920x1080.png\", \"updateUrl\": \"https://example-app.test/admin/media-library/medias/single-update\", \"deleteBulkUrl\": \"https://example-app.test/admin/media-library/medias/bulk-delete\", \"updateBulkUrl\": \"https://example-app.test/admin/media-library/medias/bulk-update\"}]}, \"content\": [], \"browsers\": [], \"editor_name\": \"default\", \"is_repeater\": false}, {\"id\": 2, \"type\": \"a17-block-text\", \"blocks\": [], \"medias\": [], \"content\": {\"text\": {\"en\": \"<p>Home Text</p>\", \"zh\": \"<p>主页内容</p>\"}, \"title\": {\"en\": \"Home Title\", \"zh\": \"主页标题\"}}, \"browsers\": [], \"editor_name\": \"default\", \"is_repeater\": false}, {\"id\": 6, \"type\": \"a17-block-app-featuredprojects\", \"blocks\": [], \"medias\": [], \"content\": {\"text\": {\"en\": \"<p>Our latest projects.</p>\", \"zh\": \"<p>我们的最新项目。</p>\"}, \"title\": {\"en\": \"Our Projects\", \"zh\": \"我们的项目\"}}, \"browsers\": {\"projects\": [{\"id\": 2, \"edit\": \"https://example-app.test/admin/projects/2/edit\", \"name\": \"Project Bravo\", \"thumbnail\": \"data:image/gif;base64,R0lGODlhAQABAIAAAAAAAP///yH5BAEAAAAALAAAAAABAAEAAAIBRAA7\", \"endpointType\": \"App\\\\Models\\\\Project\"}, {\"id\": 1, \"edit\": \"https://example-app.test/admin/projects/1/edit\", \"name\": \"Project Alpha\", \"thumbnail\": \"data:image/gif;base64,R0lGODlhAQABAIAAAAAAAP///yH5BAEAAAAALAAAAAABAAEAAAIBRAA7\", \"endpointType\": \"App\\\\Models\\\\Project\"}, {\"id\": 4, \"edit\": \"https://example-app.test/admin/projects/4/edit\", \"name\": \"Project Delta\", \"thumbnail\": \"data:image/gif;base64,R0lGODlhAQABAIAAAAAAAP///yH5BAEAAAAALAAAAAABAAEAAAIBRAA7\", \"endpointType\": \"App\\\\Models\\\\Project\"}, {\"id\": 3, \"edit\": \"https://example-app.test/admin/projects/3/edit\", \"name\": \"Project Charlie\", \"thumbnail\": \"data:image/gif;base64,R0lGODlhAQABAIAAAAAAAP///yH5BAEAAAAALAAAAAABAAEAAAIBRAA7\", \"endpointType\": \"App\\\\Models\\\\Project\"}]}, \"editor_name\": \"default\", \"is_repeater\": false}, {\"id\": 1701828184864, \"type\": \"a17-block-app-googlemap\", \"blocks\": [], \"medias\": [], \"content\": {\"title\": null, \"google_maps_api_key\": \"AIzaSyAXb2AQ7bhhQytGsAQWbujJnREIZX-SBX4\"}, \"browsers\": [], \"editor_name\": \"default\", \"is_repeater\": false}], \"medias\": {\"cover\": [{\"id\": 1, \"name\": \"1920x1080.png\", \"tags\": [], \"crops\": {\"mobile\": {\"x\": 0, \"y\": 0, \"name\": \"landscape\", \"width\": 1920, \"height\": 1080}, \"default\": {\"x\": 0, \"y\": 0, \"name\": \"default\", \"width\": 1920, \"height\": 1080}}, \"width\": 1920, \"height\": 1080, \"medium\": \"https://example-app.test/storage/uploads/b51d8e3e-0585-4396-ac2d-54549130031d/1920x1080.png\", \"original\": \"https://example-app.test/storage/uploads/b51d8e3e-0585-4396-ac2d-54549130031d/1920x1080.png\", \"deleteUrl\": null, \"metadatas\": {\"custom\": {\"video\": null, \"altText\": null, \"caption\": null}, \"default\": {\"video\": null, \"altText\": \"1920x1080\", \"caption\": null}}, \"thumbnail\": \"https://example-app.test/storage/uploads/b51d8e3e-0585-4396-ac2d-54549130031d/1920x1080.png\", \"updateUrl\": \"https://example-app.test/admin/media-library/medias/single-update\", \"deleteBulkUrl\": \"https://example-app.test/admin/media-library/medias/bulk-delete\", \"updateBulkUrl\": \"https://example-app.test/admin/media-library/medias/bulk-update\"}]}, \"public\": false, \"browsers\": [], \"languages\": [{\"label\": \"English\", \"value\": \"en\", \"disabled\": false, \"published\": 1, \"shortlabel\": \"EN\"}, {\"label\": \"Chinese\", \"value\": \"zh\", \"disabled\": false, \"published\": 1, \"shortlabel\": \"ZH\"}], \"parent_id\": 0, \"published\": true, \"repeaters\": [], \"cmsSaveType\": \"update\", \"description\": {\"en\": \"Home Description\", \"zh\": \"主页描述\"}, \"publish_end_date\": null, \"publish_start_date\": null}'),(33,1,1,'2023-12-06 02:08:01','2023-12-06 02:08:01','{\"slug\": {\"en\": \"home\", \"zh\": \"home\"}, \"title\": {\"en\": \"Home\", \"zh\": \"主页\"}, \"blocks\": [{\"id\": 1, \"type\": \"a17-block-image\", \"blocks\": [], \"medias\": {\"highlight\": [{\"id\": 1, \"name\": \"1920x1080.png\", \"tags\": [], \"crops\": {\"mobile\": {\"x\": 338, \"y\": 0, \"name\": \"mobile\", \"width\": 1080, \"height\": 1080}, \"desktop\": {\"x\": 0, \"y\": 0, \"name\": \"desktop\", \"width\": 1920, \"height\": 1080}}, \"width\": 1920, \"height\": 1080, \"medium\": \"https://example-app.test/storage/uploads/b51d8e3e-0585-4396-ac2d-54549130031d/1920x1080.png\", \"original\": \"https://example-app.test/storage/uploads/b51d8e3e-0585-4396-ac2d-54549130031d/1920x1080.png\", \"deleteUrl\": null, \"metadatas\": {\"custom\": {\"video\": null, \"altText\": null, \"caption\": null}, \"default\": {\"video\": null, \"altText\": \"1920x1080\", \"caption\": null}}, \"thumbnail\": \"https://example-app.test/storage/uploads/b51d8e3e-0585-4396-ac2d-54549130031d/1920x1080.png\", \"updateUrl\": \"https://example-app.test/admin/media-library/medias/single-update\", \"deleteBulkUrl\": \"https://example-app.test/admin/media-library/medias/bulk-delete\", \"updateBulkUrl\": \"https://example-app.test/admin/media-library/medias/bulk-update\"}]}, \"content\": [], \"browsers\": [], \"editor_name\": \"default\", \"is_repeater\": false}, {\"id\": 2, \"type\": \"a17-block-text\", \"blocks\": [], \"medias\": [], \"content\": {\"text\": {\"en\": \"<p>Home Text</p>\", \"zh\": \"<p>主页内容</p>\"}, \"title\": {\"en\": \"Home Title\", \"zh\": \"主页标题\"}}, \"browsers\": [], \"editor_name\": \"default\", \"is_repeater\": false}, {\"id\": 6, \"type\": \"a17-block-app-featuredprojects\", \"blocks\": [], \"medias\": [], \"content\": {\"text\": {\"en\": \"<p>Our latest projects.</p>\", \"zh\": \"<p>我们的最新项目。</p>\"}, \"title\": {\"en\": \"Our Projects\", \"zh\": \"我们的项目\"}}, \"browsers\": {\"projects\": [{\"id\": 2, \"edit\": \"https://example-app.test/admin/projects/2/edit\", \"name\": \"Project Bravo\", \"thumbnail\": \"data:image/gif;base64,R0lGODlhAQABAIAAAAAAAP///yH5BAEAAAAALAAAAAABAAEAAAIBRAA7\", \"endpointType\": \"App\\\\Models\\\\Project\"}, {\"id\": 1, \"edit\": \"https://example-app.test/admin/projects/1/edit\", \"name\": \"Project Alpha\", \"thumbnail\": \"data:image/gif;base64,R0lGODlhAQABAIAAAAAAAP///yH5BAEAAAAALAAAAAABAAEAAAIBRAA7\", \"endpointType\": \"App\\\\Models\\\\Project\"}, {\"id\": 4, \"edit\": \"https://example-app.test/admin/projects/4/edit\", \"name\": \"Project Delta\", \"thumbnail\": \"data:image/gif;base64,R0lGODlhAQABAIAAAAAAAP///yH5BAEAAAAALAAAAAABAAEAAAIBRAA7\", \"endpointType\": \"App\\\\Models\\\\Project\"}, {\"id\": 3, \"edit\": \"https://example-app.test/admin/projects/3/edit\", \"name\": \"Project Charlie\", \"thumbnail\": \"data:image/gif;base64,R0lGODlhAQABAIAAAAAAAP///yH5BAEAAAAALAAAAAABAAEAAAIBRAA7\", \"endpointType\": \"App\\\\Models\\\\Project\"}]}, \"editor_name\": \"default\", \"is_repeater\": false}, {\"id\": 1701828184864, \"type\": \"a17-block-app-googlemap\", \"blocks\": [], \"medias\": [], \"content\": {\"title\": \"我们的位置\", \"google_maps_api_key\": \"AIzaSyAXb2AQ7bhhQytGsAQWbujJnREIZX-SBX4\"}, \"browsers\": [], \"editor_name\": \"default\", \"is_repeater\": false}], \"medias\": {\"cover\": [{\"id\": 1, \"name\": \"1920x1080.png\", \"tags\": [], \"crops\": {\"mobile\": {\"x\": 0, \"y\": 0, \"name\": \"landscape\", \"width\": 1920, \"height\": 1080}, \"default\": {\"x\": 0, \"y\": 0, \"name\": \"default\", \"width\": 1920, \"height\": 1080}}, \"width\": 1920, \"height\": 1080, \"medium\": \"https://example-app.test/storage/uploads/b51d8e3e-0585-4396-ac2d-54549130031d/1920x1080.png\", \"original\": \"https://example-app.test/storage/uploads/b51d8e3e-0585-4396-ac2d-54549130031d/1920x1080.png\", \"deleteUrl\": null, \"metadatas\": {\"custom\": {\"video\": null, \"altText\": null, \"caption\": null}, \"default\": {\"video\": null, \"altText\": \"1920x1080\", \"caption\": null}}, \"thumbnail\": \"https://example-app.test/storage/uploads/b51d8e3e-0585-4396-ac2d-54549130031d/1920x1080.png\", \"updateUrl\": \"https://example-app.test/admin/media-library/medias/single-update\", \"deleteBulkUrl\": \"https://example-app.test/admin/media-library/medias/bulk-delete\", \"updateBulkUrl\": \"https://example-app.test/admin/media-library/medias/bulk-update\"}]}, \"public\": false, \"browsers\": [], \"languages\": [{\"label\": \"English\", \"value\": \"en\", \"disabled\": false, \"published\": 1, \"shortlabel\": \"EN\"}, {\"label\": \"Chinese\", \"value\": \"zh\", \"disabled\": false, \"published\": 1, \"shortlabel\": \"ZH\"}], \"parent_id\": 0, \"published\": true, \"repeaters\": [], \"cmsSaveType\": \"update\", \"description\": {\"en\": \"Home Description\", \"zh\": \"主页描述\"}, \"publish_end_date\": null, \"publish_start_date\": null}'),(34,1,1,'2023-12-06 02:09:03','2023-12-06 02:09:03','{\"slug\": {\"en\": \"home\", \"zh\": \"home\"}, \"title\": {\"en\": \"Home\", \"zh\": \"主页\"}, \"blocks\": [{\"id\": 1, \"type\": \"a17-block-image\", \"blocks\": [], \"medias\": {\"highlight\": [{\"id\": 1, \"name\": \"1920x1080.png\", \"tags\": [], \"crops\": {\"mobile\": {\"x\": 338, \"y\": 0, \"name\": \"mobile\", \"width\": 1080, \"height\": 1080}, \"desktop\": {\"x\": 0, \"y\": 0, \"name\": \"desktop\", \"width\": 1920, \"height\": 1080}}, \"width\": 1920, \"height\": 1080, \"medium\": \"https://example-app.test/storage/uploads/b51d8e3e-0585-4396-ac2d-54549130031d/1920x1080.png\", \"original\": \"https://example-app.test/storage/uploads/b51d8e3e-0585-4396-ac2d-54549130031d/1920x1080.png\", \"deleteUrl\": null, \"metadatas\": {\"custom\": {\"video\": null, \"altText\": null, \"caption\": null}, \"default\": {\"video\": null, \"altText\": \"1920x1080\", \"caption\": null}}, \"thumbnail\": \"https://example-app.test/storage/uploads/b51d8e3e-0585-4396-ac2d-54549130031d/1920x1080.png\", \"updateUrl\": \"https://example-app.test/admin/media-library/medias/single-update\", \"deleteBulkUrl\": \"https://example-app.test/admin/media-library/medias/bulk-delete\", \"updateBulkUrl\": \"https://example-app.test/admin/media-library/medias/bulk-update\"}]}, \"content\": [], \"browsers\": [], \"editor_name\": \"default\", \"is_repeater\": false}, {\"id\": 2, \"type\": \"a17-block-text\", \"blocks\": [], \"medias\": [], \"content\": {\"text\": {\"en\": \"<p>Home Text</p>\", \"zh\": \"<p>主页内容</p>\"}, \"title\": {\"en\": \"Home Title\", \"zh\": \"主页标题\"}}, \"browsers\": [], \"editor_name\": \"default\", \"is_repeater\": false}, {\"id\": 6, \"type\": \"a17-block-app-featuredprojects\", \"blocks\": [], \"medias\": [], \"content\": {\"text\": {\"en\": \"<p>Our latest projects.</p>\", \"zh\": \"<p>我们的最新项目。</p>\"}, \"title\": {\"en\": \"Our Projects\", \"zh\": \"我们的项目\"}}, \"browsers\": {\"projects\": [{\"id\": 2, \"edit\": \"https://example-app.test/admin/projects/2/edit\", \"name\": \"Project Bravo\", \"thumbnail\": \"data:image/gif;base64,R0lGODlhAQABAIAAAAAAAP///yH5BAEAAAAALAAAAAABAAEAAAIBRAA7\", \"endpointType\": \"App\\\\Models\\\\Project\"}, {\"id\": 1, \"edit\": \"https://example-app.test/admin/projects/1/edit\", \"name\": \"Project Alpha\", \"thumbnail\": \"data:image/gif;base64,R0lGODlhAQABAIAAAAAAAP///yH5BAEAAAAALAAAAAABAAEAAAIBRAA7\", \"endpointType\": \"App\\\\Models\\\\Project\"}, {\"id\": 4, \"edit\": \"https://example-app.test/admin/projects/4/edit\", \"name\": \"Project Delta\", \"thumbnail\": \"data:image/gif;base64,R0lGODlhAQABAIAAAAAAAP///yH5BAEAAAAALAAAAAABAAEAAAIBRAA7\", \"endpointType\": \"App\\\\Models\\\\Project\"}, {\"id\": 3, \"edit\": \"https://example-app.test/admin/projects/3/edit\", \"name\": \"Project Charlie\", \"thumbnail\": \"data:image/gif;base64,R0lGODlhAQABAIAAAAAAAP///yH5BAEAAAAALAAAAAABAAEAAAIBRAA7\", \"endpointType\": \"App\\\\Models\\\\Project\"}]}, \"editor_name\": \"default\", \"is_repeater\": false}, {\"id\": 7, \"type\": \"a17-block-app-googlemap\", \"blocks\": [], \"medias\": [], \"content\": {\"title\": {\"en\": \"Where we are\", \"zh\": \"我们的位置\"}, \"google_maps_api_key\": \"AIzaSyAXb2AQ7bhhQytGsAQWbujJnREIZX-SBX4\"}, \"browsers\": [], \"editor_name\": \"default\", \"is_repeater\": false}], \"medias\": {\"cover\": [{\"id\": 1, \"name\": \"1920x1080.png\", \"tags\": [], \"crops\": {\"mobile\": {\"x\": 0, \"y\": 0, \"name\": \"landscape\", \"width\": 1920, \"height\": 1080}, \"default\": {\"x\": 0, \"y\": 0, \"name\": \"default\", \"width\": 1920, \"height\": 1080}}, \"width\": 1920, \"height\": 1080, \"medium\": \"https://example-app.test/storage/uploads/b51d8e3e-0585-4396-ac2d-54549130031d/1920x1080.png\", \"original\": \"https://example-app.test/storage/uploads/b51d8e3e-0585-4396-ac2d-54549130031d/1920x1080.png\", \"deleteUrl\": null, \"metadatas\": {\"custom\": {\"video\": null, \"altText\": null, \"caption\": null}, \"default\": {\"video\": null, \"altText\": \"1920x1080\", \"caption\": null}}, \"thumbnail\": \"https://example-app.test/storage/uploads/b51d8e3e-0585-4396-ac2d-54549130031d/1920x1080.png\", \"updateUrl\": \"https://example-app.test/admin/media-library/medias/single-update\", \"deleteBulkUrl\": \"https://example-app.test/admin/media-library/medias/bulk-delete\", \"updateBulkUrl\": \"https://example-app.test/admin/media-library/medias/bulk-update\"}]}, \"public\": false, \"browsers\": [], \"languages\": [{\"label\": \"English\", \"value\": \"en\", \"disabled\": false, \"published\": 1, \"shortlabel\": \"EN\"}, {\"label\": \"Chinese\", \"value\": \"zh\", \"disabled\": false, \"published\": 1, \"shortlabel\": \"ZH\"}], \"parent_id\": 0, \"published\": true, \"repeaters\": [], \"cmsSaveType\": \"update\", \"description\": {\"en\": \"Home Description\", \"zh\": \"主页描述\"}, \"publish_end_date\": null, \"publish_start_date\": null}');
/*!40000 ALTER TABLE `page_revisions` ENABLE KEYS */;
UNLOCK TABLES;
DROP TABLE IF EXISTS `page_slugs`;
/*!40101 SET @saved_cs_client     = @@character_set_client */;
/*!50503 SET character_set_client = utf8mb4 */;
CREATE TABLE `page_slugs` (
  `id` bigint unsigned NOT NULL AUTO_INCREMENT,
  `page_id` bigint unsigned NOT NULL,
  `deleted_at` timestamp NULL DEFAULT NULL,
  `created_at` timestamp NULL DEFAULT NULL,
  `updated_at` timestamp NULL DEFAULT NULL,
  `slug` varchar(255) CHARACTER SET utf8mb4 COLLATE utf8mb4_unicode_ci NOT NULL,
  `locale` varchar(7) CHARACTER SET utf8mb4 COLLATE utf8mb4_unicode_ci NOT NULL,
  `active` tinyint(1) NOT NULL,
  PRIMARY KEY (`id`),
  KEY `fk_page_slugs_page_id` (`page_id`),
  KEY `page_slugs_locale_index` (`locale`),
  CONSTRAINT `fk_page_slugs_page_id` FOREIGN KEY (`page_id`) REFERENCES `pages` (`id`) ON DELETE CASCADE
) ENGINE=InnoDB AUTO_INCREMENT=8 DEFAULT CHARSET=utf8mb4 COLLATE=utf8mb4_unicode_ci;
/*!40101 SET character_set_client = @saved_cs_client */;

LOCK TABLES `page_slugs` WRITE;
/*!40000 ALTER TABLE `page_slugs` DISABLE KEYS */;
INSERT INTO `page_slugs` VALUES (1,1,NULL,NULL,'2023-12-06 02:09:03','example','en',0),(2,1,NULL,NULL,'2023-12-06 02:09:03','home','en',1),(3,2,NULL,NULL,'2023-12-06 00:55:12','about','en',1),(4,3,NULL,NULL,'2023-12-06 00:57:27','team','en',1),(5,1,NULL,NULL,'2023-12-06 02:09:03','home','zh',1),(6,2,NULL,NULL,'2023-12-06 00:55:12','about','zh',1),(7,3,NULL,NULL,'2023-12-06 00:57:27','team','zh',1);
/*!40000 ALTER TABLE `page_slugs` ENABLE KEYS */;
UNLOCK TABLES;
DROP TABLE IF EXISTS `page_translations`;
/*!40101 SET @saved_cs_client     = @@character_set_client */;
/*!50503 SET character_set_client = utf8mb4 */;
CREATE TABLE `page_translations` (
  `id` bigint unsigned NOT NULL AUTO_INCREMENT,
  `page_id` bigint unsigned NOT NULL,
  `deleted_at` timestamp NULL DEFAULT NULL,
  `created_at` timestamp NULL DEFAULT NULL,
  `updated_at` timestamp NULL DEFAULT NULL,
  `locale` varchar(7) CHARACTER SET utf8mb4 COLLATE utf8mb4_unicode_ci NOT NULL,
  `active` tinyint(1) NOT NULL,
  `title` varchar(200) CHARACTER SET utf8mb4 COLLATE utf8mb4_unicode_ci DEFAULT NULL,
  `description` text CHARACTER SET utf8mb4 COLLATE utf8mb4_unicode_ci,
  PRIMARY KEY (`id`),
  UNIQUE KEY `page_id_locale_unique` (`page_id`,`locale`),
  KEY `page_translations_locale_index` (`locale`),
  CONSTRAINT `fk_page_translations_page_id` FOREIGN KEY (`page_id`) REFERENCES `pages` (`id`) ON DELETE CASCADE
) ENGINE=InnoDB AUTO_INCREMENT=7 DEFAULT CHARSET=utf8mb4 COLLATE=utf8mb4_unicode_ci;
/*!40101 SET character_set_client = @saved_cs_client */;

LOCK TABLES `page_translations` WRITE;
/*!40000 ALTER TABLE `page_translations` DISABLE KEYS */;
INSERT INTO `page_translations` VALUES (1,1,NULL,'2023-11-28 00:27:45','2023-12-06 02:09:03','en',1,'Home','Home Description'),(2,2,NULL,'2023-11-28 00:53:39','2023-12-06 00:55:12','en',1,'About','About Description'),(3,3,NULL,'2023-11-28 00:54:05','2023-12-06 00:57:27','en',1,'Team','Team Description'),(4,1,NULL,'2023-12-06 00:50:46','2023-12-06 02:09:03','zh',1,'主页','主页描述'),(5,2,NULL,'2023-12-06 00:54:54','2023-12-06 00:55:12','zh',1,'关于','关于描述'),(6,3,NULL,'2023-12-06 00:56:46','2023-12-06 00:57:27','zh',1,'团队','团队描述');
/*!40000 ALTER TABLE `page_translations` ENABLE KEYS */;
UNLOCK TABLES;
DROP TABLE IF EXISTS `pages`;
/*!40101 SET @saved_cs_client     = @@character_set_client */;
/*!50503 SET character_set_client = utf8mb4 */;
CREATE TABLE `pages` (
  `id` bigint unsigned NOT NULL AUTO_INCREMENT,
  `deleted_at` timestamp NULL DEFAULT NULL,
  `created_at` timestamp NULL DEFAULT NULL,
  `updated_at` timestamp NULL DEFAULT NULL,
  `published` tinyint(1) NOT NULL DEFAULT '0',
  PRIMARY KEY (`id`)
) ENGINE=InnoDB AUTO_INCREMENT=4 DEFAULT CHARSET=utf8mb4 COLLATE=utf8mb4_unicode_ci;
/*!40101 SET character_set_client = @saved_cs_client */;

LOCK TABLES `pages` WRITE;
/*!40000 ALTER TABLE `pages` DISABLE KEYS */;
INSERT INTO `pages` VALUES (1,NULL,'2023-11-28 00:27:45','2023-12-06 02:09:03',1),(2,NULL,'2023-11-28 00:53:39','2023-12-06 00:55:12',1),(3,NULL,'2023-11-28 00:54:05','2023-12-06 00:57:27',1);
/*!40000 ALTER TABLE `pages` ENABLE KEYS */;
UNLOCK TABLES;
DROP TABLE IF EXISTS `password_reset_tokens`;
/*!40101 SET @saved_cs_client     = @@character_set_client */;
/*!50503 SET character_set_client = utf8mb4 */;
CREATE TABLE `password_reset_tokens` (
  `email` varchar(255) CHARACTER SET utf8mb4 COLLATE utf8mb4_unicode_ci NOT NULL,
  `token` varchar(255) CHARACTER SET utf8mb4 COLLATE utf8mb4_unicode_ci NOT NULL,
  `created_at` timestamp NULL DEFAULT NULL,
  PRIMARY KEY (`email`)
) ENGINE=InnoDB DEFAULT CHARSET=utf8mb4 COLLATE=utf8mb4_unicode_ci;
/*!40101 SET character_set_client = @saved_cs_client */;

LOCK TABLES `password_reset_tokens` WRITE;
/*!40000 ALTER TABLE `password_reset_tokens` DISABLE KEYS */;
/*!40000 ALTER TABLE `password_reset_tokens` ENABLE KEYS */;
UNLOCK TABLES;
DROP TABLE IF EXISTS `personal_access_tokens`;
/*!40101 SET @saved_cs_client     = @@character_set_client */;
/*!50503 SET character_set_client = utf8mb4 */;
CREATE TABLE `personal_access_tokens` (
  `id` bigint unsigned NOT NULL AUTO_INCREMENT,
  `tokenable_type` varchar(255) CHARACTER SET utf8mb4 COLLATE utf8mb4_unicode_ci NOT NULL,
  `tokenable_id` bigint unsigned NOT NULL,
  `name` varchar(255) CHARACTER SET utf8mb4 COLLATE utf8mb4_unicode_ci NOT NULL,
  `token` varchar(64) CHARACTER SET utf8mb4 COLLATE utf8mb4_unicode_ci NOT NULL,
  `abilities` text CHARACTER SET utf8mb4 COLLATE utf8mb4_unicode_ci,
  `last_used_at` timestamp NULL DEFAULT NULL,
  `expires_at` timestamp NULL DEFAULT NULL,
  `created_at` timestamp NULL DEFAULT NULL,
  `updated_at` timestamp NULL DEFAULT NULL,
  PRIMARY KEY (`id`),
  UNIQUE KEY `personal_access_tokens_token_unique` (`token`),
  KEY `personal_access_tokens_tokenable_type_tokenable_id_index` (`tokenable_type`,`tokenable_id`)
) ENGINE=InnoDB DEFAULT CHARSET=utf8mb4 COLLATE=utf8mb4_unicode_ci;
/*!40101 SET character_set_client = @saved_cs_client */;

LOCK TABLES `personal_access_tokens` WRITE;
/*!40000 ALTER TABLE `personal_access_tokens` DISABLE KEYS */;
/*!40000 ALTER TABLE `personal_access_tokens` ENABLE KEYS */;
UNLOCK TABLES;
DROP TABLE IF EXISTS `project_revisions`;
/*!40101 SET @saved_cs_client     = @@character_set_client */;
/*!50503 SET character_set_client = utf8mb4 */;
CREATE TABLE `project_revisions` (
  `id` bigint unsigned NOT NULL AUTO_INCREMENT,
  `project_id` bigint unsigned NOT NULL,
  `user_id` bigint unsigned DEFAULT NULL,
  `created_at` timestamp NULL DEFAULT NULL,
  `updated_at` timestamp NULL DEFAULT NULL,
  `payload` json NOT NULL,
  PRIMARY KEY (`id`),
  KEY `project_revisions_project_id_foreign` (`project_id`),
  KEY `project_revisions_user_id_foreign` (`user_id`),
  CONSTRAINT `project_revisions_project_id_foreign` FOREIGN KEY (`project_id`) REFERENCES `projects` (`id`) ON DELETE CASCADE,
  CONSTRAINT `project_revisions_user_id_foreign` FOREIGN KEY (`user_id`) REFERENCES `twill_users` (`id`) ON DELETE SET NULL
) ENGINE=InnoDB AUTO_INCREMENT=20 DEFAULT CHARSET=utf8mb4 COLLATE=utf8mb4_unicode_ci;
/*!40101 SET character_set_client = @saved_cs_client */;

LOCK TABLES `project_revisions` WRITE;
/*!40000 ALTER TABLE `project_revisions` DISABLE KEYS */;
INSERT INTO `project_revisions` VALUES (1,1,1,'2023-12-06 01:12:08','2023-12-06 01:12:08','{\"slug\": {\"en\": \"project-alpha\"}, \"title\": {\"en\": \"Project Alpha\"}, \"languages\": [{\"label\": \"English\", \"value\": \"en\", \"disabled\": false, \"published\": true, \"shortlabel\": \"EN\"}, {\"label\": \"Chinese\", \"value\": \"zh\", \"disabled\": false, \"published\": true, \"shortlabel\": \"ZH\"}], \"published\": true}'),(2,2,1,'2023-12-06 01:12:17','2023-12-06 01:12:17','{\"slug\": {\"en\": \"project-bravo\"}, \"title\": {\"en\": \"Project Bravo\"}, \"languages\": [{\"label\": \"English\", \"value\": \"en\", \"disabled\": false, \"published\": true, \"shortlabel\": \"EN\"}, {\"label\": \"Chinese\", \"value\": \"zh\", \"disabled\": false, \"published\": true, \"shortlabel\": \"ZH\"}], \"published\": true}'),(3,3,1,'2023-12-06 01:12:31','2023-12-06 01:12:31','{\"slug\": {\"en\": \"project-charlie\"}, \"title\": {\"en\": \"Project Charlie\", \"zh\": null}, \"languages\": [{\"label\": \"English\", \"value\": \"en\", \"disabled\": false, \"published\": true, \"shortlabel\": \"EN\"}, {\"label\": \"Chinese\", \"value\": \"zh\", \"disabled\": false, \"published\": true, \"shortlabel\": \"ZH\"}], \"published\": true}'),(4,4,1,'2023-12-06 01:12:39','2023-12-06 01:12:39','{\"slug\": {\"en\": \"project-delta\"}, \"title\": {\"en\": \"Project Delta\"}, \"languages\": [{\"label\": \"English\", \"value\": \"en\", \"disabled\": false, \"published\": true, \"shortlabel\": \"EN\"}, {\"label\": \"Chinese\", \"value\": \"zh\", \"disabled\": false, \"published\": true, \"shortlabel\": \"ZH\"}], \"published\": true}'),(5,1,1,'2023-12-06 01:13:01','2023-12-06 01:13:01','{\"slug\": {\"en\": \"project-alpha\", \"zh\": \"project-alpha\"}, \"title\": {\"en\": \"Project Alpha\", \"zh\": \"项目Alpha\"}, \"blocks\": [], \"medias\": [], \"public\": false, \"browsers\": [], \"languages\": [{\"label\": \"English\", \"value\": \"en\", \"disabled\": false, \"published\": 1, \"shortlabel\": \"EN\"}, {\"label\": \"Chinese\", \"value\": \"zh\", \"disabled\": false, \"published\": 1, \"shortlabel\": \"ZH\"}], \"parent_id\": 0, \"published\": true, \"repeaters\": [], \"cmsSaveType\": \"update\", \"description\": {\"en\": null, \"zh\": null}, \"publish_end_date\": null, \"publish_start_date\": null}'),(6,1,1,'2023-12-06 01:13:22','2023-12-06 01:13:22','{\"slug\": {\"en\": \"project-alpha\", \"zh\": \"project-alpha\"}, \"title\": {\"en\": \"Project Alpha\", \"zh\": \"项目Alpha\"}, \"blocks\": [], \"medias\": [], \"public\": false, \"browsers\": [], \"languages\": [{\"label\": \"English\", \"value\": \"en\", \"disabled\": false, \"published\": 1, \"shortlabel\": \"EN\"}, {\"label\": \"Chinese\", \"value\": \"zh\", \"disabled\": false, \"published\": 1, \"shortlabel\": \"ZH\"}], \"parent_id\": 0, \"published\": true, \"repeaters\": [], \"cmsSaveType\": \"update\", \"description\": {\"en\": null, \"zh\": \"项目Alpha描述\"}, \"publish_end_date\": null, \"publish_start_date\": null}'),(7,1,1,'2023-12-06 01:13:52','2023-12-06 01:13:52','{\"slug\": {\"en\": \"project-alpha\", \"zh\": \"project-alpha\"}, \"title\": {\"en\": \"Project Alpha\", \"zh\": \"项目Alpha\"}, \"blocks\": [], \"medias\": [], \"public\": false, \"browsers\": [], \"languages\": [{\"label\": \"English\", \"value\": \"en\", \"disabled\": false, \"published\": 1, \"shortlabel\": \"EN\"}, {\"label\": \"Chinese\", \"value\": \"zh\", \"disabled\": false, \"published\": 1, \"shortlabel\": \"ZH\"}], \"parent_id\": 0, \"published\": true, \"repeaters\": [], \"cmsSaveType\": \"update\", \"description\": {\"en\": \"Project Alpha Description\", \"zh\": \"项目Alpha描述\"}, \"publish_end_date\": null, \"publish_start_date\": null}'),(8,2,1,'2023-12-06 01:14:53','2023-12-06 01:14:53','{\"slug\": {\"en\": \"project-bravo\", \"zh\": \"project-bravo\"}, \"title\": {\"en\": \"Project Bravo\", \"zh\": \"项目Bravo\"}, \"blocks\": [], \"medias\": [], \"public\": false, \"browsers\": [], \"languages\": [{\"label\": \"English\", \"value\": \"en\", \"disabled\": false, \"published\": 1, \"shortlabel\": \"EN\"}, {\"label\": \"Chinese\", \"value\": \"zh\", \"disabled\": false, \"published\": 1, \"shortlabel\": \"ZH\"}], \"parent_id\": 0, \"published\": true, \"repeaters\": [], \"cmsSaveType\": \"update\", \"description\": {\"en\": null, \"zh\": \"项目Bravo描述\"}, \"publish_end_date\": null, \"publish_start_date\": null}'),(9,2,1,'2023-12-06 01:15:17','2023-12-06 01:15:17','{\"slug\": {\"en\": \"project-bravo\", \"zh\": \"project-bravo\"}, \"title\": {\"en\": \"Project Bravo\", \"zh\": \"项目Bravo\"}, \"blocks\": [], \"medias\": [], \"public\": false, \"browsers\": [], \"languages\": [{\"label\": \"English\", \"value\": \"en\", \"disabled\": false, \"published\": 1, \"shortlabel\": \"EN\"}, {\"label\": \"Chinese\", \"value\": \"zh\", \"disabled\": false, \"published\": 1, \"shortlabel\": \"ZH\"}], \"parent_id\": 0, \"published\": true, \"repeaters\": [], \"cmsSaveType\": \"update\", \"description\": {\"en\": \"Project Bravo Description\", \"zh\": \"项目Bravo描述\"}, \"publish_end_date\": null, \"publish_start_date\": null}'),(10,3,1,'2023-12-06 01:15:35','2023-12-06 01:15:35','{\"slug\": {\"en\": \"project-charlie\", \"zh\": null}, \"title\": {\"en\": \"Project Charlie\", \"zh\": null}, \"blocks\": [], \"medias\": [], \"public\": false, \"browsers\": [], \"languages\": [{\"label\": \"English\", \"value\": \"en\", \"disabled\": false, \"published\": 1, \"shortlabel\": \"EN\"}, {\"label\": \"Chinese\", \"value\": \"zh\", \"disabled\": false, \"published\": 1, \"shortlabel\": \"ZH\"}], \"parent_id\": 0, \"published\": true, \"repeaters\": [], \"cmsSaveType\": \"update\", \"description\": {\"en\": \"Project Charlie Description\", \"zh\": null}, \"publish_end_date\": null, \"publish_start_date\": null}'),(11,3,1,'2023-12-06 01:15:58','2023-12-06 01:15:58','{\"slug\": {\"en\": \"project-charlie\", \"zh\": \"project-charlie\"}, \"title\": {\"en\": \"Project Charlie\", \"zh\": \"项目Charlie\"}, \"blocks\": [], \"medias\": [], \"public\": false, \"browsers\": [], \"languages\": [{\"label\": \"English\", \"value\": \"en\", \"disabled\": false, \"published\": 1, \"shortlabel\": \"EN\"}, {\"label\": \"Chinese\", \"value\": \"zh\", \"disabled\": false, \"published\": 1, \"shortlabel\": \"ZH\"}], \"parent_id\": 0, \"published\": true, \"repeaters\": [], \"cmsSaveType\": \"update\", \"description\": {\"en\": \"Project Charlie Description\", \"zh\": \"项目Charlie描述\"}, \"publish_end_date\": null, \"publish_start_date\": null}'),(12,4,1,'2023-12-06 01:16:37','2023-12-06 01:16:37','{\"slug\": {\"en\": \"project-delta\", \"zh\": \"project-delta\"}, \"title\": {\"en\": \"Project Delta\", \"zh\": \"项目Delta\"}, \"blocks\": [], \"medias\": [], \"public\": false, \"browsers\": [], \"languages\": [{\"label\": \"English\", \"value\": \"en\", \"disabled\": false, \"published\": 1, \"shortlabel\": \"EN\"}, {\"label\": \"Chinese\", \"value\": \"zh\", \"disabled\": false, \"published\": 1, \"shortlabel\": \"ZH\"}], \"parent_id\": 0, \"published\": true, \"repeaters\": [], \"cmsSaveType\": \"update\", \"description\": {\"en\": \"Project Delta Description\", \"zh\": \"项目Delta描述\"}, \"publish_end_date\": null, \"publish_start_date\": null}'),(13,2,1,'2023-12-07 02:41:06','2023-12-07 02:41:06','{\"slug\": {\"en\": \"project-bravo\", \"zh\": \"project-bravo\"}, \"title\": {\"en\": \"Project Bravo\", \"zh\": \"项目Bravo\"}, \"blocks\": [{\"id\": 1701916852747, \"type\": \"a17-block-text\", \"blocks\": [], \"medias\": [], \"content\": {\"text\": {\"en\": \"<p>Project bravo text.</p>\"}, \"title\": {\"en\": \"Project Bravo Title\"}}, \"browsers\": [], \"editor_name\": \"default\", \"is_repeater\": false}], \"medias\": [], \"public\": false, \"browsers\": [], \"languages\": [{\"label\": \"English\", \"value\": \"en\", \"disabled\": false, \"published\": 1, \"shortlabel\": \"EN\"}, {\"label\": \"Chinese\", \"value\": \"zh\", \"disabled\": false, \"published\": 1, \"shortlabel\": \"ZH\"}], \"parent_id\": 0, \"published\": true, \"repeaters\": [], \"cmsSaveType\": \"update\", \"description\": {\"en\": \"Project Bravo Description\", \"zh\": \"项目Bravo描述\"}, \"publish_end_date\": null, \"publish_start_date\": null}'),(14,1,1,'2023-12-07 02:45:17','2023-12-07 02:45:17','{\"slug\": {\"en\": \"project-alpha\", \"zh\": \"project-alpha\"}, \"title\": {\"en\": \"Project Alpha\", \"zh\": \"项目Alpha\"}, \"blocks\": [{\"id\": 1701917107962, \"type\": \"a17-block-text\", \"blocks\": [], \"medias\": [], \"content\": {\"text\": {\"en\": \"<p>project alpha text.</p>\"}, \"title\": {\"en\": \"Project alpha title\"}}, \"browsers\": [], \"editor_name\": \"default\", \"is_repeater\": false}], \"medias\": [], \"public\": false, \"browsers\": [], \"languages\": [{\"label\": \"English\", \"value\": \"en\", \"disabled\": false, \"published\": 1, \"shortlabel\": \"EN\"}, {\"label\": \"Chinese\", \"value\": \"zh\", \"disabled\": false, \"published\": 1, \"shortlabel\": \"ZH\"}], \"parent_id\": 0, \"published\": true, \"repeaters\": [], \"cmsSaveType\": \"update\", \"description\": {\"en\": \"Project Alpha Description\", \"zh\": \"项目Alpha描述\"}, \"publish_end_date\": null, \"publish_start_date\": null}'),(15,2,1,'2023-12-07 02:45:24','2023-12-07 02:45:24','{\"slug\": {\"en\": \"project-bravo\", \"zh\": \"project-bravo\"}, \"title\": {\"en\": \"Project Bravo\", \"zh\": \"项目Bravo\"}, \"blocks\": [{\"id\": 8, \"type\": \"a17-block-text\", \"blocks\": [], \"medias\": [], \"content\": {\"text\": {\"en\": \"<p>Project bravo text.</p>\"}, \"title\": {\"en\": \"Project bravo title\"}}, \"browsers\": [], \"editor_name\": \"default\", \"is_repeater\": false}], \"medias\": [], \"public\": false, \"browsers\": [], \"languages\": [{\"label\": \"English\", \"value\": \"en\", \"disabled\": false, \"published\": 1, \"shortlabel\": \"EN\"}, {\"label\": \"Chinese\", \"value\": \"zh\", \"disabled\": false, \"published\": 1, \"shortlabel\": \"ZH\"}], \"parent_id\": 0, \"published\": true, \"repeaters\": [], \"cmsSaveType\": \"update\", \"description\": {\"en\": \"Project Bravo Description\", \"zh\": \"项目Bravo描述\"}, \"publish_end_date\": null, \"publish_start_date\": null}'),(16,3,1,'2023-12-07 02:45:46','2023-12-07 02:45:46','{\"slug\": {\"en\": \"project-charlie\", \"zh\": \"project-charlie\"}, \"title\": {\"en\": \"Project Charlie\", \"zh\": \"项目Charlie\"}, \"blocks\": [{\"id\": 1701917128887, \"type\": \"a17-block-text\", \"blocks\": [], \"medias\": [], \"content\": {\"text\": {\"en\": \"<p>Project charlie text</p>\"}, \"title\": {\"en\": \"Project charlie title\"}}, \"browsers\": [], \"editor_name\": \"default\", \"is_repeater\": false}], \"medias\": [], \"public\": false, \"browsers\": [], \"languages\": [{\"label\": \"English\", \"value\": \"en\", \"disabled\": false, \"published\": 1, \"shortlabel\": \"EN\"}, {\"label\": \"Chinese\", \"value\": \"zh\", \"disabled\": false, \"published\": 1, \"shortlabel\": \"ZH\"}], \"parent_id\": 0, \"published\": true, \"repeaters\": [], \"cmsSaveType\": \"update\", \"description\": {\"en\": \"Project Charlie Description\", \"zh\": \"项目Charlie描述\"}, \"publish_end_date\": null, \"publish_start_date\": null}'),(17,4,1,'2023-12-07 02:46:02','2023-12-07 02:46:02','{\"slug\": {\"en\": \"project-delta\", \"zh\": \"project-delta\"}, \"title\": {\"en\": \"Project Delta\", \"zh\": \"项目Delta\"}, \"blocks\": [{\"id\": 1701917150851, \"type\": \"a17-block-text\", \"blocks\": [], \"medias\": [], \"content\": {\"text\": {\"en\": \"<p>Project delta text.</p>\"}, \"title\": {\"en\": \"Project delta title\"}}, \"browsers\": [], \"editor_name\": \"default\", \"is_repeater\": false}], \"medias\": [], \"public\": false, \"browsers\": [], \"languages\": [{\"label\": \"English\", \"value\": \"en\", \"disabled\": false, \"published\": 1, \"shortlabel\": \"EN\"}, {\"label\": \"Chinese\", \"value\": \"zh\", \"disabled\": false, \"published\": 1, \"shortlabel\": \"ZH\"}], \"parent_id\": 0, \"published\": true, \"repeaters\": [], \"cmsSaveType\": \"update\", \"description\": {\"en\": \"Project Delta Description\", \"zh\": \"项目Delta描述\"}, \"publish_end_date\": null, \"publish_start_date\": null}'),(18,4,1,'2023-12-07 02:46:04','2023-12-07 02:46:04','{\"slug\": {\"en\": \"project-delta\", \"zh\": \"project-delta\"}, \"title\": {\"en\": \"Project Delta\", \"zh\": \"项目Delta\"}, \"blocks\": [{\"id\": 1701917150851, \"type\": \"a17-block-text\", \"blocks\": [], \"medias\": [], \"content\": {\"text\": {\"en\": \"<p>Project delta text.</p>\"}, \"title\": {\"en\": \"Project delta title\"}}, \"browsers\": [], \"editor_name\": \"default\", \"is_repeater\": false}], \"medias\": [], \"public\": false, \"browsers\": [], \"languages\": [{\"label\": \"English\", \"value\": \"en\", \"disabled\": false, \"published\": 1, \"shortlabel\": \"EN\"}, {\"label\": \"Chinese\", \"value\": \"zh\", \"disabled\": false, \"published\": 1, \"shortlabel\": \"ZH\"}], \"parent_id\": 0, \"published\": true, \"repeaters\": [], \"cmsSaveType\": \"update\", \"description\": {\"en\": \"Project Delta Description\", \"zh\": \"项目Delta描述\"}, \"publish_end_date\": null, \"publish_start_date\": null}'),(19,3,1,'2023-12-07 02:46:09','2023-12-07 02:46:09','{\"slug\": {\"en\": \"project-charlie\", \"zh\": \"project-charlie\"}, \"title\": {\"en\": \"Project Charlie\", \"zh\": \"项目Charlie\"}, \"blocks\": [{\"id\": 10, \"type\": \"a17-block-text\", \"blocks\": [], \"medias\": [], \"content\": {\"text\": {\"en\": \"<p>Project charlie text.</p>\"}, \"title\": {\"en\": \"Project charlie title\"}}, \"browsers\": [], \"editor_name\": \"default\", \"is_repeater\": false}], \"medias\": [], \"public\": false, \"browsers\": [], \"languages\": [{\"label\": \"English\", \"value\": \"en\", \"disabled\": false, \"published\": 1, \"shortlabel\": \"EN\"}, {\"label\": \"Chinese\", \"value\": \"zh\", \"disabled\": false, \"published\": 1, \"shortlabel\": \"ZH\"}], \"parent_id\": 0, \"published\": true, \"repeaters\": [], \"cmsSaveType\": \"update\", \"description\": {\"en\": \"Project Charlie Description\", \"zh\": \"项目Charlie描述\"}, \"publish_end_date\": null, \"publish_start_date\": null}');
/*!40000 ALTER TABLE `project_revisions` ENABLE KEYS */;
UNLOCK TABLES;
DROP TABLE IF EXISTS `project_slugs`;
/*!40101 SET @saved_cs_client     = @@character_set_client */;
/*!50503 SET character_set_client = utf8mb4 */;
CREATE TABLE `project_slugs` (
  `id` bigint unsigned NOT NULL AUTO_INCREMENT,
  `project_id` bigint unsigned NOT NULL,
  `deleted_at` timestamp NULL DEFAULT NULL,
  `created_at` timestamp NULL DEFAULT NULL,
  `updated_at` timestamp NULL DEFAULT NULL,
  `slug` varchar(255) CHARACTER SET utf8mb4 COLLATE utf8mb4_unicode_ci NOT NULL,
  `locale` varchar(7) CHARACTER SET utf8mb4 COLLATE utf8mb4_unicode_ci NOT NULL,
  `active` tinyint(1) NOT NULL,
  PRIMARY KEY (`id`),
  KEY `fk_project_slugs_project_id` (`project_id`),
  KEY `project_slugs_locale_index` (`locale`),
  CONSTRAINT `fk_project_slugs_project_id` FOREIGN KEY (`project_id`) REFERENCES `projects` (`id`) ON DELETE CASCADE
) ENGINE=InnoDB AUTO_INCREMENT=9 DEFAULT CHARSET=utf8mb4 COLLATE=utf8mb4_unicode_ci;
/*!40101 SET character_set_client = @saved_cs_client */;

LOCK TABLES `project_slugs` WRITE;
/*!40000 ALTER TABLE `project_slugs` DISABLE KEYS */;
INSERT INTO `project_slugs` VALUES (1,1,NULL,NULL,'2023-12-07 02:45:17','project-alpha','en',1),(2,2,NULL,NULL,'2023-12-07 02:45:24','project-bravo','en',1),(3,3,NULL,NULL,'2023-12-07 02:46:09','project-charlie','en',1),(4,4,NULL,NULL,'2023-12-07 02:46:04','project-delta','en',1),(5,1,NULL,NULL,'2023-12-07 02:45:17','project-alpha','zh',1),(6,2,NULL,NULL,'2023-12-07 02:45:24','project-bravo','zh',1),(7,3,NULL,NULL,'2023-12-07 02:46:09','project-charlie','zh',1),(8,4,NULL,NULL,'2023-12-07 02:46:04','project-delta','zh',1);
/*!40000 ALTER TABLE `project_slugs` ENABLE KEYS */;
UNLOCK TABLES;
DROP TABLE IF EXISTS `project_translations`;
/*!40101 SET @saved_cs_client     = @@character_set_client */;
/*!50503 SET character_set_client = utf8mb4 */;
CREATE TABLE `project_translations` (
  `id` bigint unsigned NOT NULL AUTO_INCREMENT,
  `project_id` bigint unsigned NOT NULL,
  `deleted_at` timestamp NULL DEFAULT NULL,
  `created_at` timestamp NULL DEFAULT NULL,
  `updated_at` timestamp NULL DEFAULT NULL,
  `locale` varchar(7) CHARACTER SET utf8mb4 COLLATE utf8mb4_unicode_ci NOT NULL,
  `active` tinyint(1) NOT NULL,
  `title` varchar(200) CHARACTER SET utf8mb4 COLLATE utf8mb4_unicode_ci DEFAULT NULL,
  `description` text CHARACTER SET utf8mb4 COLLATE utf8mb4_unicode_ci,
  PRIMARY KEY (`id`),
  UNIQUE KEY `project_id_locale_unique` (`project_id`,`locale`),
  KEY `project_translations_locale_index` (`locale`),
  CONSTRAINT `fk_project_translations_project_id` FOREIGN KEY (`project_id`) REFERENCES `projects` (`id`) ON DELETE CASCADE
) ENGINE=InnoDB AUTO_INCREMENT=9 DEFAULT CHARSET=utf8mb4 COLLATE=utf8mb4_unicode_ci;
/*!40101 SET character_set_client = @saved_cs_client */;

LOCK TABLES `project_translations` WRITE;
/*!40000 ALTER TABLE `project_translations` DISABLE KEYS */;
INSERT INTO `project_translations` VALUES (1,1,NULL,'2023-12-06 01:12:08','2023-12-07 02:45:17','en',1,'Project Alpha','Project Alpha Description'),(2,1,NULL,'2023-12-06 01:12:08','2023-12-07 02:45:17','zh',1,'项目Alpha','项目Alpha描述'),(3,2,NULL,'2023-12-06 01:12:17','2023-12-07 02:45:24','en',1,'Project Bravo','Project Bravo Description'),(4,2,NULL,'2023-12-06 01:12:17','2023-12-07 02:45:24','zh',1,'项目Bravo','项目Bravo描述'),(5,3,NULL,'2023-12-06 01:12:31','2023-12-07 02:46:09','en',1,'Project Charlie','Project Charlie Description'),(6,3,NULL,'2023-12-06 01:12:31','2023-12-07 02:46:09','zh',1,'项目Charlie','项目Charlie描述'),(7,4,NULL,'2023-12-06 01:12:39','2023-12-07 02:46:04','en',1,'Project Delta','Project Delta Description'),(8,4,NULL,'2023-12-06 01:12:39','2023-12-07 02:46:04','zh',1,'项目Delta','项目Delta描述');
/*!40000 ALTER TABLE `project_translations` ENABLE KEYS */;
UNLOCK TABLES;
DROP TABLE IF EXISTS `projects`;
/*!40101 SET @saved_cs_client     = @@character_set_client */;
/*!50503 SET character_set_client = utf8mb4 */;
CREATE TABLE `projects` (
  `id` bigint unsigned NOT NULL AUTO_INCREMENT,
  `deleted_at` timestamp NULL DEFAULT NULL,
  `created_at` timestamp NULL DEFAULT NULL,
  `updated_at` timestamp NULL DEFAULT NULL,
  `published` tinyint(1) NOT NULL DEFAULT '0',
  `position` int unsigned DEFAULT NULL,
  `_lft` int unsigned NOT NULL DEFAULT '0',
  `_rgt` int unsigned NOT NULL DEFAULT '0',
  `parent_id` int unsigned DEFAULT NULL,
  PRIMARY KEY (`id`),
  KEY `projects__lft__rgt_parent_id_index` (`_lft`,`_rgt`,`parent_id`)
) ENGINE=InnoDB AUTO_INCREMENT=5 DEFAULT CHARSET=utf8mb4 COLLATE=utf8mb4_unicode_ci;
/*!40101 SET character_set_client = @saved_cs_client */;

LOCK TABLES `projects` WRITE;
/*!40000 ALTER TABLE `projects` DISABLE KEYS */;
INSERT INTO `projects` VALUES (1,NULL,'2023-12-06 01:12:08','2023-12-07 02:45:17',1,1,1,2,NULL),(2,NULL,'2023-12-06 01:12:17','2023-12-07 02:45:24',1,2,3,4,NULL),(3,NULL,'2023-12-06 01:12:31','2023-12-07 02:46:09',1,3,5,6,NULL),(4,NULL,'2023-12-06 01:12:39','2023-12-07 02:46:04',1,4,7,8,NULL);
/*!40000 ALTER TABLE `projects` ENABLE KEYS */;
UNLOCK TABLES;
DROP TABLE IF EXISTS `twill_blocks`;
/*!40101 SET @saved_cs_client     = @@character_set_client */;
/*!50503 SET character_set_client = utf8mb4 */;
CREATE TABLE `twill_blocks` (
  `id` bigint unsigned NOT NULL AUTO_INCREMENT,
  `blockable_id` int unsigned DEFAULT NULL,
  `blockable_type` varchar(255) CHARACTER SET utf8mb4 COLLATE utf8mb4_unicode_ci DEFAULT NULL,
  `position` int unsigned NOT NULL,
  `content` json NOT NULL,
  `type` varchar(255) CHARACTER SET utf8mb4 COLLATE utf8mb4_unicode_ci NOT NULL,
  `child_key` varchar(255) CHARACTER SET utf8mb4 COLLATE utf8mb4_unicode_ci DEFAULT NULL,
  `parent_id` int unsigned DEFAULT NULL,
  `editor_name` varchar(60) CHARACTER SET utf8mb4 COLLATE utf8mb4_unicode_ci DEFAULT NULL,
  PRIMARY KEY (`id`),
  KEY `twill_blocks_blockable_type_blockable_id_index` (`blockable_type`,`blockable_id`)
) ENGINE=InnoDB AUTO_INCREMENT=12 DEFAULT CHARSET=utf8mb4 COLLATE=utf8mb4_unicode_ci;
/*!40101 SET character_set_client = @saved_cs_client */;

LOCK TABLES `twill_blocks` WRITE;
/*!40000 ALTER TABLE `twill_blocks` DISABLE KEYS */;
INSERT INTO `twill_blocks` VALUES (1,1,'App\\Models\\Page',1,'{}','image',NULL,NULL,'default'),(2,1,'App\\Models\\Page',2,'{\"text\": {\"en\": \"<p>Home Text</p>\", \"zh\": \"<p>主页内容</p>\"}, \"title\": {\"en\": \"Home Title\", \"zh\": \"主页标题\"}}','text',NULL,NULL,'default'),(3,2,'App\\Models\\Page',1,'{\"text\": {\"en\": \"<p>About Text</p>\", \"zh\": \"<p>关于内容</p>\"}, \"title\": {\"en\": \"About Title\", \"zh\": \"关于标题\"}}','text',NULL,NULL,'default'),(4,3,'App\\Models\\Page',1,'{\"text\": {\"en\": \"<p>Team Text</p>\", \"zh\": \"<p>团队内容</p>\"}, \"title\": {\"en\": \"Team Title\", \"zh\": \"团队标题\"}}','text',NULL,NULL,'default'),(5,1,'A17\\Twill\\Models\\AppSetting',1,'{\"browsers\": {\"page\": [1]}}','appSettings.homepage.homepage',NULL,NULL,'homepage'),(6,1,'App\\Models\\Page',3,'{\"text\": {\"en\": \"<p>Our latest projects.</p>\", \"zh\": \"<p>我们的最新项目。</p>\"}, \"title\": {\"en\": \"Our Projects\", \"zh\": \"我们的项目\"}, \"browsers\": {\"projects\": [2, 1, 4, 3]}}','app-featuredprojects',NULL,NULL,'default'),(7,1,'App\\Models\\Page',4,'{\"title\": {\"en\": \"Where we are\", \"zh\": \"我们的位置\"}, \"google_maps_api_key\": \"AIzaSyAXb2AQ7bhhQytGsAQWbujJnREIZX-SBX4\"}','app-googlemap',NULL,NULL,'default'),(8,2,'App\\Models\\Project',1,'{\"text\": {\"en\": \"<p>Project bravo text.</p>\"}, \"title\": {\"en\": \"Project bravo title\"}}','text',NULL,NULL,'default'),(9,1,'App\\Models\\Project',1,'{\"text\": {\"en\": \"<p>project alpha text.</p>\"}, \"title\": {\"en\": \"Project alpha title\"}}','text',NULL,NULL,'default'),(10,3,'App\\Models\\Project',1,'{\"text\": {\"en\": \"<p>Project charlie text.</p>\"}, \"title\": {\"en\": \"Project charlie title\"}}','text',NULL,NULL,'default'),(11,4,'App\\Models\\Project',1,'{\"text\": {\"en\": \"<p>Project delta text.</p>\"}, \"title\": {\"en\": \"Project delta title\"}}','text',NULL,NULL,'default');
/*!40000 ALTER TABLE `twill_blocks` ENABLE KEYS */;
UNLOCK TABLES;
DROP TABLE IF EXISTS `twill_features`;
/*!40101 SET @saved_cs_client     = @@character_set_client */;
/*!50503 SET character_set_client = utf8mb4 */;
CREATE TABLE `twill_features` (
  `id` bigint unsigned NOT NULL AUTO_INCREMENT,
  `featured_id` varchar(36) CHARACTER SET utf8mb4 COLLATE utf8mb4_unicode_ci NOT NULL,
  `featured_type` varchar(255) CHARACTER SET utf8mb4 COLLATE utf8mb4_unicode_ci NOT NULL,
  `bucket_key` varchar(255) CHARACTER SET utf8mb4 COLLATE utf8mb4_unicode_ci NOT NULL,
  `position` int unsigned NOT NULL,
  `starred` tinyint(1) NOT NULL DEFAULT '0',
  `created_at` timestamp NULL DEFAULT NULL,
  `updated_at` timestamp NULL DEFAULT NULL,
  PRIMARY KEY (`id`),
  UNIQUE KEY `twill_features_unique` (`featured_id`,`featured_type`,`bucket_key`),
  KEY `twill_features_bucket_key_index` (`bucket_key`)
) ENGINE=InnoDB DEFAULT CHARSET=utf8mb4 COLLATE=utf8mb4_unicode_ci;
/*!40101 SET character_set_client = @saved_cs_client */;

LOCK TABLES `twill_features` WRITE;
/*!40000 ALTER TABLE `twill_features` DISABLE KEYS */;
/*!40000 ALTER TABLE `twill_features` ENABLE KEYS */;
UNLOCK TABLES;
DROP TABLE IF EXISTS `twill_fileables`;
/*!40101 SET @saved_cs_client     = @@character_set_client */;
/*!50503 SET character_set_client = utf8mb4 */;
CREATE TABLE `twill_fileables` (
  `id` bigint unsigned NOT NULL AUTO_INCREMENT,
  `created_at` timestamp NULL DEFAULT NULL,
  `updated_at` timestamp NULL DEFAULT NULL,
  `deleted_at` timestamp NULL DEFAULT NULL,
  `file_id` bigint unsigned NOT NULL,
  `fileable_id` bigint unsigned DEFAULT NULL,
  `fileable_type` varchar(255) CHARACTER SET utf8mb4 COLLATE utf8mb4_unicode_ci DEFAULT NULL,
  `role` varchar(255) CHARACTER SET utf8mb4 COLLATE utf8mb4_unicode_ci DEFAULT NULL,
  `locale` varchar(7) CHARACTER SET utf8mb4 COLLATE utf8mb4_unicode_ci NOT NULL,
  PRIMARY KEY (`id`),
  KEY `fk_files_file_id` (`file_id`),
  KEY `twill_fileables_fileable_type_fileable_id_index` (`fileable_type`,`fileable_id`),
  KEY `twill_fileables_locale_index` (`locale`),
  CONSTRAINT `fk_files_file_id` FOREIGN KEY (`file_id`) REFERENCES `twill_files` (`id`) ON DELETE CASCADE ON UPDATE CASCADE
) ENGINE=InnoDB DEFAULT CHARSET=utf8mb4 COLLATE=utf8mb4_unicode_ci;
/*!40101 SET character_set_client = @saved_cs_client */;

LOCK TABLES `twill_fileables` WRITE;
/*!40000 ALTER TABLE `twill_fileables` DISABLE KEYS */;
/*!40000 ALTER TABLE `twill_fileables` ENABLE KEYS */;
UNLOCK TABLES;
DROP TABLE IF EXISTS `twill_files`;
/*!40101 SET @saved_cs_client     = @@character_set_client */;
/*!50503 SET character_set_client = utf8mb4 */;
CREATE TABLE `twill_files` (
  `id` bigint unsigned NOT NULL AUTO_INCREMENT,
  `created_at` timestamp NULL DEFAULT NULL,
  `updated_at` timestamp NULL DEFAULT NULL,
  `deleted_at` timestamp NULL DEFAULT NULL,
  `uuid` text CHARACTER SET utf8mb4 COLLATE utf8mb4_unicode_ci NOT NULL,
  `filename` text CHARACTER SET utf8mb4 COLLATE utf8mb4_unicode_ci,
  `size` int unsigned NOT NULL,
  PRIMARY KEY (`id`)
) ENGINE=InnoDB DEFAULT CHARSET=utf8mb4 COLLATE=utf8mb4_unicode_ci;
/*!40101 SET character_set_client = @saved_cs_client */;

LOCK TABLES `twill_files` WRITE;
/*!40000 ALTER TABLE `twill_files` DISABLE KEYS */;
/*!40000 ALTER TABLE `twill_files` ENABLE KEYS */;
UNLOCK TABLES;
DROP TABLE IF EXISTS `twill_mediables`;
/*!40101 SET @saved_cs_client     = @@character_set_client */;
/*!50503 SET character_set_client = utf8mb4 */;
CREATE TABLE `twill_mediables` (
  `id` bigint unsigned NOT NULL AUTO_INCREMENT,
  `created_at` timestamp NULL DEFAULT NULL,
  `updated_at` timestamp NULL DEFAULT NULL,
  `deleted_at` timestamp NULL DEFAULT NULL,
  `mediable_id` bigint unsigned DEFAULT NULL,
  `mediable_type` varchar(255) CHARACTER SET utf8mb4 COLLATE utf8mb4_unicode_ci DEFAULT NULL,
  `media_id` bigint unsigned NOT NULL,
  `crop_x` int DEFAULT NULL,
  `crop_y` int DEFAULT NULL,
  `crop_w` int DEFAULT NULL,
  `crop_h` int DEFAULT NULL,
  `role` varchar(255) CHARACTER SET utf8mb4 COLLATE utf8mb4_unicode_ci DEFAULT NULL,
  `crop` varchar(255) CHARACTER SET utf8mb4 COLLATE utf8mb4_unicode_ci DEFAULT NULL,
  `lqip_data` text CHARACTER SET utf8mb4 COLLATE utf8mb4_unicode_ci,
  `ratio` varchar(255) CHARACTER SET utf8mb4 COLLATE utf8mb4_unicode_ci DEFAULT NULL,
  `metadatas` json NOT NULL,
  `locale` varchar(7) CHARACTER SET utf8mb4 COLLATE utf8mb4_unicode_ci NOT NULL DEFAULT 'en',
  PRIMARY KEY (`id`),
  KEY `fk_mediables_media_id` (`media_id`),
  KEY `twill_mediables_mediable_type_mediable_id_index` (`mediable_type`,`mediable_id`),
  KEY `twill_mediables_locale_index` (`locale`),
  CONSTRAINT `fk_mediables_media_id` FOREIGN KEY (`media_id`) REFERENCES `twill_medias` (`id`) ON DELETE CASCADE ON UPDATE CASCADE
) ENGINE=InnoDB AUTO_INCREMENT=86 DEFAULT CHARSET=utf8mb4 COLLATE=utf8mb4_unicode_ci;
/*!40101 SET character_set_client = @saved_cs_client */;

LOCK TABLES `twill_mediables` WRITE;
/*!40000 ALTER TABLE `twill_mediables` DISABLE KEYS */;
INSERT INTO `twill_mediables` VALUES (82,'2023-12-06 02:09:03','2023-12-06 02:09:03',NULL,1,'blocks',1,0,0,1920,1080,'highlight','desktop',NULL,'desktop','{\"video\": null, \"altText\": null, \"caption\": null}','en'),(83,'2023-12-06 02:09:03','2023-12-06 02:09:03',NULL,1,'blocks',1,338,0,1080,1080,'highlight','mobile',NULL,'mobile','{\"video\": null, \"altText\": null, \"caption\": null}','en'),(84,'2023-12-06 02:09:03','2023-12-06 02:09:03',NULL,1,'App\\Models\\Page',1,0,0,1920,1080,'cover','default',NULL,'default','{\"video\": null, \"altText\": null, \"caption\": null}','en'),(85,'2023-12-06 02:09:03','2023-12-06 02:09:03',NULL,1,'App\\Models\\Page',1,0,0,1920,1080,'cover','mobile',NULL,'landscape','{\"video\": null, \"altText\": null, \"caption\": null}','en');
/*!40000 ALTER TABLE `twill_mediables` ENABLE KEYS */;
UNLOCK TABLES;
DROP TABLE IF EXISTS `twill_medias`;
/*!40101 SET @saved_cs_client     = @@character_set_client */;
/*!50503 SET character_set_client = utf8mb4 */;
CREATE TABLE `twill_medias` (
  `id` bigint unsigned NOT NULL AUTO_INCREMENT,
  `created_at` timestamp NULL DEFAULT NULL,
  `updated_at` timestamp NULL DEFAULT NULL,
  `deleted_at` timestamp NULL DEFAULT NULL,
  `uuid` text CHARACTER SET utf8mb4 COLLATE utf8mb4_unicode_ci NOT NULL,
  `alt_text` text CHARACTER SET utf8mb4 COLLATE utf8mb4_unicode_ci,
  `width` int unsigned NOT NULL,
  `height` int unsigned NOT NULL,
  `caption` text CHARACTER SET utf8mb4 COLLATE utf8mb4_unicode_ci,
  `filename` text CHARACTER SET utf8mb4 COLLATE utf8mb4_unicode_ci,
  PRIMARY KEY (`id`)
) ENGINE=InnoDB AUTO_INCREMENT=2 DEFAULT CHARSET=utf8mb4 COLLATE=utf8mb4_unicode_ci;
/*!40101 SET character_set_client = @saved_cs_client */;

LOCK TABLES `twill_medias` WRITE;
/*!40000 ALTER TABLE `twill_medias` DISABLE KEYS */;
INSERT INTO `twill_medias` VALUES (1,'2023-11-28 00:33:06','2023-11-28 00:33:06',NULL,'b51d8e3e-0585-4396-ac2d-54549130031d/1920x1080.png','1920x1080',1920,1080,NULL,'1920x1080.png');
/*!40000 ALTER TABLE `twill_medias` ENABLE KEYS */;
UNLOCK TABLES;
DROP TABLE IF EXISTS `twill_password_resets`;
/*!40101 SET @saved_cs_client     = @@character_set_client */;
/*!50503 SET character_set_client = utf8mb4 */;
CREATE TABLE `twill_password_resets` (
  `email` varchar(255) CHARACTER SET utf8mb4 COLLATE utf8mb4_unicode_ci NOT NULL,
  `token` varchar(255) CHARACTER SET utf8mb4 COLLATE utf8mb4_unicode_ci NOT NULL,
  `created_at` timestamp NULL DEFAULT NULL,
  KEY `twill_password_resets_email_index` (`email`),
  KEY `twill_password_resets_token_index` (`token`),
  CONSTRAINT `twill_password_resets_email_foreign` FOREIGN KEY (`email`) REFERENCES `twill_users` (`email`) ON DELETE CASCADE ON UPDATE CASCADE
) ENGINE=InnoDB DEFAULT CHARSET=utf8mb4 COLLATE=utf8mb4_unicode_ci;
/*!40101 SET character_set_client = @saved_cs_client */;

LOCK TABLES `twill_password_resets` WRITE;
/*!40000 ALTER TABLE `twill_password_resets` DISABLE KEYS */;
/*!40000 ALTER TABLE `twill_password_resets` ENABLE KEYS */;
UNLOCK TABLES;
DROP TABLE IF EXISTS `twill_related`;
/*!40101 SET @saved_cs_client     = @@character_set_client */;
/*!50503 SET character_set_client = utf8mb4 */;
CREATE TABLE `twill_related` (
  `id` int unsigned NOT NULL AUTO_INCREMENT,
  `subject_id` int unsigned DEFAULT NULL,
  `subject_type` varchar(255) CHARACTER SET utf8mb4 COLLATE utf8mb4_unicode_ci NOT NULL,
  `related_id` int unsigned DEFAULT NULL,
  `related_type` varchar(255) CHARACTER SET utf8mb4 COLLATE utf8mb4_unicode_ci NOT NULL,
  `browser_name` varchar(255) CHARACTER SET utf8mb4 COLLATE utf8mb4_unicode_ci NOT NULL,
  `position` int unsigned NOT NULL,
  PRIMARY KEY (`id`),
  UNIQUE KEY `related_unique` (`subject_id`,`subject_type`,`related_id`,`related_type`,`browser_name`),
  KEY `twill_related_browser_name_index` (`browser_name`)
) ENGINE=InnoDB AUTO_INCREMENT=37 DEFAULT CHARSET=utf8mb4 COLLATE=utf8mb4_unicode_ci;
/*!40101 SET character_set_client = @saved_cs_client */;

LOCK TABLES `twill_related` WRITE;
/*!40000 ALTER TABLE `twill_related` DISABLE KEYS */;
INSERT INTO `twill_related` VALUES (1,3,'App\\Models\\MenuLink',1,'App\\Models\\Page','page',1),(2,4,'App\\Models\\MenuLink',2,'App\\Models\\Page','page',1),(3,5,'App\\Models\\MenuLink',3,'App\\Models\\Page','page',1),(4,5,'blocks',1,'App\\Models\\Page','page',1),(33,6,'blocks',2,'App\\Models\\Project','projects',1),(34,6,'blocks',1,'App\\Models\\Project','projects',2),(35,6,'blocks',4,'App\\Models\\Project','projects',3),(36,6,'blocks',3,'App\\Models\\Project','projects',4);
/*!40000 ALTER TABLE `twill_related` ENABLE KEYS */;
UNLOCK TABLES;
DROP TABLE IF EXISTS `twill_setting_translations`;
/*!40101 SET @saved_cs_client     = @@character_set_client */;
/*!50503 SET character_set_client = utf8mb4 */;
CREATE TABLE `twill_setting_translations` (
  `id` bigint unsigned NOT NULL AUTO_INCREMENT,
  `twill_setting_id` bigint unsigned NOT NULL,
  `deleted_at` timestamp NULL DEFAULT NULL,
  `created_at` timestamp NULL DEFAULT NULL,
  `updated_at` timestamp NULL DEFAULT NULL,
  `locale` varchar(7) CHARACTER SET utf8mb4 COLLATE utf8mb4_unicode_ci NOT NULL,
  `active` tinyint(1) NOT NULL,
  `value` text CHARACTER SET utf8mb4 COLLATE utf8mb4_unicode_ci,
  PRIMARY KEY (`id`),
  UNIQUE KEY `twill_setting_id_locale_unique` (`twill_setting_id`,`locale`),
  KEY `twill_setting_translations_locale_index` (`locale`),
  CONSTRAINT `fk_twill_setting_translations_twill_setting_id` FOREIGN KEY (`twill_setting_id`) REFERENCES `twill_settings` (`id`) ON DELETE CASCADE
) ENGINE=InnoDB DEFAULT CHARSET=utf8mb4 COLLATE=utf8mb4_unicode_ci;
/*!40101 SET character_set_client = @saved_cs_client */;

LOCK TABLES `twill_setting_translations` WRITE;
/*!40000 ALTER TABLE `twill_setting_translations` DISABLE KEYS */;
/*!40000 ALTER TABLE `twill_setting_translations` ENABLE KEYS */;
UNLOCK TABLES;
DROP TABLE IF EXISTS `twill_settings`;
/*!40101 SET @saved_cs_client     = @@character_set_client */;
/*!50503 SET character_set_client = utf8mb4 */;
CREATE TABLE `twill_settings` (
  `id` bigint unsigned NOT NULL AUTO_INCREMENT,
  `created_at` timestamp NULL DEFAULT NULL,
  `updated_at` timestamp NULL DEFAULT NULL,
  `deleted_at` timestamp NULL DEFAULT NULL,
  `key` varchar(255) CHARACTER SET utf8mb4 COLLATE utf8mb4_unicode_ci DEFAULT NULL,
  `section` varchar(255) CHARACTER SET utf8mb4 COLLATE utf8mb4_unicode_ci DEFAULT NULL,
  PRIMARY KEY (`id`),
  KEY `twill_settings_key_index` (`key`),
  KEY `twill_settings_section_index` (`section`)
) ENGINE=InnoDB DEFAULT CHARSET=utf8mb4 COLLATE=utf8mb4_unicode_ci;
/*!40101 SET character_set_client = @saved_cs_client */;

LOCK TABLES `twill_settings` WRITE;
/*!40000 ALTER TABLE `twill_settings` DISABLE KEYS */;
/*!40000 ALTER TABLE `twill_settings` ENABLE KEYS */;
UNLOCK TABLES;
DROP TABLE IF EXISTS `twill_tagged`;
/*!40101 SET @saved_cs_client     = @@character_set_client */;
/*!50503 SET character_set_client = utf8mb4 */;
CREATE TABLE `twill_tagged` (
  `id` bigint unsigned NOT NULL AUTO_INCREMENT,
  `taggable_type` varchar(255) CHARACTER SET utf8mb4 COLLATE utf8mb4_unicode_ci NOT NULL,
  `taggable_id` int unsigned NOT NULL,
  `tag_id` int unsigned NOT NULL,
  PRIMARY KEY (`id`),
  KEY `twill_tagged_taggable_type_taggable_id_index` (`taggable_type`,`taggable_id`)
) ENGINE=InnoDB DEFAULT CHARSET=utf8mb4 COLLATE=utf8mb4_unicode_ci;
/*!40101 SET character_set_client = @saved_cs_client */;

LOCK TABLES `twill_tagged` WRITE;
/*!40000 ALTER TABLE `twill_tagged` DISABLE KEYS */;
/*!40000 ALTER TABLE `twill_tagged` ENABLE KEYS */;
UNLOCK TABLES;
DROP TABLE IF EXISTS `twill_tags`;
/*!40101 SET @saved_cs_client     = @@character_set_client */;
/*!50503 SET character_set_client = utf8mb4 */;
CREATE TABLE `twill_tags` (
  `id` bigint unsigned NOT NULL AUTO_INCREMENT,
  `namespace` varchar(255) CHARACTER SET utf8mb4 COLLATE utf8mb4_unicode_ci NOT NULL,
  `slug` varchar(255) CHARACTER SET utf8mb4 COLLATE utf8mb4_unicode_ci NOT NULL,
  `name` varchar(255) CHARACTER SET utf8mb4 COLLATE utf8mb4_unicode_ci NOT NULL,
  `count` int unsigned NOT NULL DEFAULT '0',
  PRIMARY KEY (`id`)
) ENGINE=InnoDB DEFAULT CHARSET=utf8mb4 COLLATE=utf8mb4_unicode_ci;
/*!40101 SET character_set_client = @saved_cs_client */;

LOCK TABLES `twill_tags` WRITE;
/*!40000 ALTER TABLE `twill_tags` DISABLE KEYS */;
/*!40000 ALTER TABLE `twill_tags` ENABLE KEYS */;
UNLOCK TABLES;
DROP TABLE IF EXISTS `twill_users`;
/*!40101 SET @saved_cs_client     = @@character_set_client */;
/*!50503 SET character_set_client = utf8mb4 */;
CREATE TABLE `twill_users` (
  `id` bigint unsigned NOT NULL AUTO_INCREMENT,
  `deleted_at` timestamp NULL DEFAULT NULL,
  `created_at` timestamp NULL DEFAULT NULL,
  `updated_at` timestamp NULL DEFAULT NULL,
  `published` tinyint(1) NOT NULL DEFAULT '0',
  `name` varchar(255) CHARACTER SET utf8mb4 COLLATE utf8mb4_unicode_ci NOT NULL,
  `email` varchar(255) CHARACTER SET utf8mb4 COLLATE utf8mb4_unicode_ci NOT NULL,
  `password` varchar(60) CHARACTER SET utf8mb4 COLLATE utf8mb4_unicode_ci DEFAULT NULL,
  `role` varchar(100) CHARACTER SET utf8mb4 COLLATE utf8mb4_unicode_ci NOT NULL,
  `title` varchar(255) CHARACTER SET utf8mb4 COLLATE utf8mb4_unicode_ci DEFAULT NULL,
  `description` text CHARACTER SET utf8mb4 COLLATE utf8mb4_unicode_ci,
  `remember_token` varchar(100) CHARACTER SET utf8mb4 COLLATE utf8mb4_unicode_ci DEFAULT NULL,
  `language` varchar(255) CHARACTER SET utf8mb4 COLLATE utf8mb4_unicode_ci DEFAULT NULL,
  `last_login_at` datetime DEFAULT NULL,
  `registered_at` datetime DEFAULT NULL,
  `require_new_password` tinyint(1) NOT NULL DEFAULT '0',
  PRIMARY KEY (`id`),
  UNIQUE KEY `twill_users_email_unique` (`email`)
) ENGINE=InnoDB AUTO_INCREMENT=2 DEFAULT CHARSET=utf8mb4 COLLATE=utf8mb4_unicode_ci;
/*!40101 SET character_set_client = @saved_cs_client */;

LOCK TABLES `twill_users` WRITE;
/*!40000 ALTER TABLE `twill_users` DISABLE KEYS */;
INSERT INTO `twill_users` VALUES (1,NULL,'2023-11-28 00:22:02','2023-12-07 02:27:00',1,'Admin','admin@email.com','$2y$12$Hnur5OcMQD4//k2Wl1F3C.IpyWfTrlseMyi8l6BJ47yLeuwqPCZp.','SUPERADMIN',NULL,NULL,NULL,NULL,'2023-12-07 02:27:00','2023-11-28 00:22:02',0);
/*!40000 ALTER TABLE `twill_users` ENABLE KEYS */;
UNLOCK TABLES;
DROP TABLE IF EXISTS `users`;
/*!40101 SET @saved_cs_client     = @@character_set_client */;
/*!50503 SET character_set_client = utf8mb4 */;
CREATE TABLE `users` (
  `id` bigint unsigned NOT NULL AUTO_INCREMENT,
  `name` varchar(255) CHARACTER SET utf8mb4 COLLATE utf8mb4_unicode_ci NOT NULL,
  `email` varchar(255) CHARACTER SET utf8mb4 COLLATE utf8mb4_unicode_ci NOT NULL,
  `email_verified_at` timestamp NULL DEFAULT NULL,
  `password` varchar(255) CHARACTER SET utf8mb4 COLLATE utf8mb4_unicode_ci NOT NULL,
  `remember_token` varchar(100) CHARACTER SET utf8mb4 COLLATE utf8mb4_unicode_ci DEFAULT NULL,
  `created_at` timestamp NULL DEFAULT NULL,
  `updated_at` timestamp NULL DEFAULT NULL,
  PRIMARY KEY (`id`),
  UNIQUE KEY `users_email_unique` (`email`)
) ENGINE=InnoDB DEFAULT CHARSET=utf8mb4 COLLATE=utf8mb4_unicode_ci;
/*!40101 SET character_set_client = @saved_cs_client */;

LOCK TABLES `users` WRITE;
/*!40000 ALTER TABLE `users` DISABLE KEYS */;
/*!40000 ALTER TABLE `users` ENABLE KEYS */;
UNLOCK TABLES;
/*!40103 SET TIME_ZONE=@OLD_TIME_ZONE */;

/*!40101 SET SQL_MODE=@OLD_SQL_MODE */;
/*!40014 SET FOREIGN_KEY_CHECKS=@OLD_FOREIGN_KEY_CHECKS */;
/*!40014 SET UNIQUE_CHECKS=@OLD_UNIQUE_CHECKS */;
/*!40101 SET CHARACTER_SET_CLIENT=@OLD_CHARACTER_SET_CLIENT */;
/*!40101 SET CHARACTER_SET_RESULTS=@OLD_CHARACTER_SET_RESULTS */;
/*!40101 SET COLLATION_CONNECTION=@OLD_COLLATION_CONNECTION */;
/*!40111 SET SQL_NOTES=@OLD_SQL_NOTES */;

